{"stats":{"minecraft:mined":{"minecraft:tuff":2,"minecraft:dark_oak_leaves":6,"minecraft:deepslate_diamond_ore":5,"minecraft:jungle_leaves":5,"minecraft:dark_oak_log":21,"minecraft:granite":30,"minecraft:cave_vines_plant":6,"minecraft:grass_block":4,"minecraft:spruce_fence":1,"minecraft:moss_block":13,"minecraft:rooted_dirt":21,"minecraft:sandstone":15,"minecraft:tall_seagrass":1,"minecraft:furnace":5,"minecraft:iron_ore":52,"minecraft:fire":1,"minecraft:andesite":11,"minecraft:moss_carpet":1,"minecraft:deepslate_lapis_ore":8,"minecraft:cave_vines":10,"minecraft:deepslate_iron_ore":26,"minecraft:vine":3,"minecraft:flowering_azalea_leaves":7,"minecraft:azalea_leaves":14,"minecraft:azalea":3,"minecraft:stone":242,"minecraft:player_head":1,"minecraft:deepslate_redstone_ore":10,"minecraft:red_bed":2,"travelersbackpack:standard":3,"minecraft:crafting_table":5,"minecraft:clay":15,"minecraft:torch":1,"minecraft:blast_furnace":1,"minecraft:mushroom_stem":4,"minecraft:tall_grass":7,"minecraft:copper_ore":12,"minecraft:lapis_ore":8,"minecraft:deepslate_gold_ore":32,"minecraft:sugar_cane":16,"minecraft:diorite":19,"minecraft:wall_torch":3,"minecraft:deepslate_copper_ore":4,"minecraft:coarse_dirt":6,"minecraft:birch_log":26,"minecraft:birch_leaves":6,"minecraft:grass":9,"minecraft:oak_log":11,"minecraft:coal_ore":61,"minecraft:beetroots":115,"minecraft:sand":49,"minecraft:dirt":3,"minecraft:oak_leaves":2,"minecraft:deepslate":95},"minecraft:broken":{"minecraft:iron_shovel":1,"minecraft:iron_pickaxe":2},"minecraft:dropped":{"minecraft:iron_ingot":2,"minecraft:moss_block":61,"minecraft:dark_oak_sapling":2,"minecraft:feather":1,"minecraft:cobblestone":16,"minecraft:leather":1,"travelersbackpack:standard":1,"minecraft:spruce_stairs":1,"minecraft:stick":1,"minecraft:dirt":6,"minecraft:diorite":19,"minecraft:wooden_axe":1,"alexsmobs:flying_fish":2,"minecraft:jungle_sapling":1,"minecraft:gold_nugget":2,"minecraft:flowering_azalea":3,"minecraft:sand":15,"minecraft:string":1,"minecraft:bucket":5,"minecraft:moss_carpet":20,"minecraft:player_head":1,"minecraft:coarse_dirt":2,"minecraft:cobbled_deepslate":2,"minecraft:tuff":2,"minecraft:birch_sapling":1,"minecraft:beetroot":19,"minecraft:oak_planks":14,"minecraft:beetroot_seeds":1,"minecraft:azalea":8,"minecraft:sandstone":15,"minecraft:arrow":3,"minecraft:raw_gold":26},"minecraft:crafted":{"minecraft:smooth_stone":3,"minecraft:oak_planks":44,"minecraft:furnace":4,"minecraft:blast_furnace":1,"minecraft:glass":5,"travelersbackpack:white_sleeping_bag":2,"minecraft:bow":1,"minecraft:iron_boots":2,"minecraft:chest":2,"minecraft:dark_oak_planks":20,"minecraft:smoker":1,"minecraft:cooked_beef":18,"minecraft:cooked_porkchop":13,"minecraft:crafting_table":2,"travelersbackpack:standard":1,"travelersbackpack:backpack_tank":4,"minecraft:iron_helmet":1,"minecraft:copper_ingot":3,"minecraft:bucket":2,"minecraft:birch_planks":56,"minecraft:air":0,"minecraft:iron_chestplate":1,"minecraft:shield":1,"minecraft:stick":16,"minecraft:iron_ingot":68,"minecraft:iron_pickaxe":3,"minecraft:wooden_axe":2,"minecraft:gold_ingot":19,"minecraft:iron_leggings":1},"minecraft:killed_by":{"minecraft:zombie_villager":1,"minecraft:player":1,"minecraft:piglin_brute":16,"minecraft:creeper":5,"minecraft:spider":1,"minecraft:piglin":3,"minecraft:skeleton":4,"minecraft:zombie":3},"minecraft:killed":{"alexsmobs:lobster":2,"minecraft:witch":1,"minecraft:spider":6,"alexsmobs:seagull":1,"minecraft:skeleton":6,"minecraft:piglin_brute":2,"minecraft:piglin":2,"minecraft:pig":8,"minecraft:creeper":1,"alexsmobs:cockroach":2,"minecraft:zombie":42,"alexsmobs:fly":2,"minecraft:glow_squid":2,"minecraft:cow":3},"minecraft:used":{"minecraft:beetroot":31,"minecraft:moss_block":5,"minecraft:iron_shovel":31,"minecraft:shield":22,"minecraft:iron_sword":246,"minecraft:iron_chestplate":3,"minecraft:torch":6,"minecraft:dirt":8,"minecraft:granite":25,"minecraft:wooden_axe":48,"minecraft:lava_bucket":3,"minecraft:rooted_dirt":20,"minecraft:iron_helmet":2,"minecraft:iron_boots":2,"minecraft:bow":9,"minecraft:furnace":7,"minecraft:cooked_beef":1,"minecraft:potato":7,"minecraft:cobbled_deepslate":6,"minecraft:iron_leggings":3,"minecraft:birch_planks":6,"minecraft:baked_potato":1,"minecraft:sandstone":4,"minecraft:sugar_cane":17,"minecraft:glow_berries":6,"minecraft:sand":10,"minecraft:crafting_table":8,"minecraft:red_bed":3,"minecraft:blast_furnace":2,"minecraft:smoker":1,"alexsmobs:flying_fish":2,"minecraft:bread":3,"minecraft:iron_pickaxe":713,"minecraft:stone_axe":12,"minecraft:cobblestone":72,"minecraft:cooked_porkchop":12,"minecraft:andesite":11,"minecraft:bucket":5,"alexsmobs:animal_dictionary":1},"minecraft:custom":{"minecraft:interact_with_anvil":1,"minecraft:mob_kills":83,"minecraft:interact_with_crafting_table":77,"minecraft:open_barrel":79,"minecraft:leave_game":1,"minecraft:time_since_death":1815,"minecraft:climb_one_cm":11879,"minecraft:sprint_one_cm":543962,"minecraft:walk_one_cm":734697,"minecraft:damage_blocked_by_shield":1710,"minecraft:drop":123,"minecraft:play_time":220450,"minecraft:deaths":37,"minecraft:sneak_time":4975,"minecraft:walk_under_water_one_cm":7698,"minecraft:jump":3449,"minecraft:interact_with_blast_furnace":8,"minecraft:walk_on_water_one_cm":32088,"minecraft:total_world_time":220450,"minecraft:interact_with_furnace":57,"minecraft:interact_with_loom":1,"minecraft:sleep_in_bed":6,"minecraft:time_since_rest":1930,"minecraft:damage_taken":12276,"minecraft:damage_dealt":15004,"minecraft:swim_one_cm":37621,"minecraft:fly_one_cm":608165,"minecraft:open_chest":44,"minecraft:crouch_one_cm":5740,"minecraft:interact_with_smoker":12,"minecraft:fall_one_cm":112040},"minecraft:picked_up":{"minecraft:wooden_axe":6,"minecraft:iron_chestplate":6,"minecraft:coarse_dirt":15,"minecraft:crafting_table":10,"minecraft:wheat":4,"minecraft:chicken":1,"minecraft:clay_ball":224,"minecraft:suspicious_stew":2,"minecraft:potion":1,"minecraft:nether_brick":6,"minecraft:shield":3,"minecraft:string":30,"minecraft:red_bed":3,"minecraft:moss_carpet":21,"minecraft:raw_copper":177,"minecraft:iron_axe":1,"minecraft:iron_leggings":6,"minecraft:iron_shovel":1,"minecraft:blackstone":21,"minecraft:beetroot":429,"minecraft:gold_nugget":24,"minecraft:cobbled_deepslate":632,"minecraft:bucket":8,"minecraft:beef":27,"minecraft:jungle_sapling":5,"minecraft:player_head":12,"minecraft:azalea":11,"minecraft:iron_nugget":40,"minecraft:iron_pickaxe":11,"minecraft:sugar_cane":122,"minecraft:birch_sapling":2,"minecraft:iron_boots":3,"minecraft:egg":1,"minecraft:furnace":8,"minecraft:dark_oak_sapling":1,"minecraft:stick":22,"minecraft:raw_iron":136,"minecraft:sandstone":125,"minecraft:copper_ingot":12,"minecraft:torch":12,"minecraft:spruce_stairs":5,"minecraft:spruce_fence":2,"minecraft:fire_charge":4,"minecraft:porkchop":23,"minecraft:diorite":57,"minecraft:carrot":2,"minecraft:redstone":252,"minecraft:honey_bottle":18,"minecraft:arrow":19,"minecraft:rotten_flesh":236,"minecraft:beetroot_seeds":1957,"minecraft:gold_ingot":12,"minecraft:glow_berries":6,"minecraft:obsidian":2,"minecraft:white_wool":10,"alexsmobs:flying_fish":17,"minecraft:cobblestone":834,"minecraft:birch_log":66,"minecraft:feather":10,"minecraft:cooked_beef":23,"minecraft:water_bucket":1,"minecraft:glow_ink_sac":76,"minecraft:salmon":1,"minecraft:andesite":50,"minecraft:leather":27,"minecraft:potato":19,"minecraft:birch_planks":46,"minecraft:tuff":2,"minecraft:oak_log":11,"minecraft:gunpowder":1,"minecraft:lapis_lazuli":576,"minecraft:dirt":84,"minecraft:bone":42,"minecraft:bow":3,"minecraft:wheat_seeds":2,"minecraft:raw_gold":219,"minecraft:stone_pickaxe":2,"minecraft:iron_ingot":21,"minecraft:glass_bottle":1,"minecraft:glowstone_dust":4,"minecraft:soul_sand":7,"minecraft:flowering_azalea":6,"minecraft:moss_block":86,"minecraft:honeycomb":207,"minecraft:iron_sword":23,"minecraft:oak_planks":126,"minecraft:cooked_porkchop":17,"minecraft:quartz":6,"minecraft:lava_bucket":2,"minecraft:gravel":20,"minecraft:sand":333,"minecraft:blast_furnace":1,"minecraft:spectral_arrow":41,"minecraft:dark_oak_log":46,"minecraft:spider_eye":1,"minecraft:mossy_cobblestone":2,"travelersbackpack:standard":4,"minecraft:diamond":21,"minecraft:stone_axe":2,"minecraft:iron_helmet":6,"minecraft:granite":55,"minecraft:emerald":1,"minecraft:bread":26,"minecraft:baked_potato":56,"alexsmobs:maggot":3,"minecraft:rooted_dirt":103,"minecraft:coal":173}},"DataVersion":3465}