{"stats":{"minecraft:mined":{"minecraft:dark_oak_leaves":1,"minecraft:deepslate_diamond_ore":1,"minecraft:jungle_leaves":5,"minecraft:granite":30,"minecraft:cave_vines_plant":5,"minecraft:grass_block":4,"minecraft:spruce_fence":1,"minecraft:moss_block":6,"minecraft:rooted_dirt":21,"minecraft:sandstone":11,"minecraft:furnace":1,"minecraft:iron_ore":13,"minecraft:fire":1,"minecraft:andesite":11,"minecraft:deepslate_lapis_ore":8,"minecraft:cave_vines":10,"minecraft:deepslate_iron_ore":15,"minecraft:vine":2,"minecraft:flowering_azalea_leaves":7,"minecraft:azalea_leaves":14,"minecraft:azalea":1,"minecraft:stone":117,"minecraft:player_head":1,"minecraft:deepslate_redstone_ore":10,"minecraft:red_bed":2,"minecraft:crafting_table":2,"minecraft:clay":8,"minecraft:torch":1,"minecraft:mushroom_stem":4,"minecraft:copper_ore":9,"minecraft:lapis_ore":8,"minecraft:deepslate_gold_ore":26,"minecraft:sugar_cane":3,"minecraft:diorite":19,"minecraft:wall_torch":1,"minecraft:coarse_dirt":5,"minecraft:birch_log":26,"minecraft:birch_leaves":6,"minecraft:grass":3,"minecraft:oak_log":11,"minecraft:coal_ore":16,"minecraft:beetroots":115,"minecraft:sand":11,"minecraft:dirt":1,"minecraft:oak_leaves":1,"minecraft:deepslate":82},"minecraft:broken":{"minecraft:iron_pickaxe":1},"minecraft:dropped":{"minecraft:dark_oak_sapling":2,"minecraft:leather":1,"minecraft:spruce_stairs":1,"minecraft:stick":1,"minecraft:dirt":6,"minecraft:jungle_sapling":1,"minecraft:flowering_azalea":1,"minecraft:moss_carpet":1,"minecraft:coarse_dirt":2,"minecraft:cobbled_deepslate":1,"minecraft:birch_sapling":1,"minecraft:beetroot":19,"minecraft:oak_planks":10,"minecraft:azalea":1,"minecraft:sandstone":11,"minecraft:arrow":1},"minecraft:crafted":{"minecraft:oak_planks":44,"minecraft:furnace":4,"minecraft:cooked_beef":3,"minecraft:cooked_porkchop":7,"minecraft:crafting_table":2,"minecraft:birch_planks":52,"minecraft:air":0,"minecraft:stick":8,"minecraft:iron_pickaxe":2,"minecraft:wooden_axe":2},"minecraft:killed_by":{"minecraft:zombie_villager":1,"minecraft:player":1,"minecraft:piglin_brute":14,"minecraft:creeper":3,"minecraft:piglin":3,"minecraft:skeleton":4,"minecraft:zombie":1},"minecraft:killed":{"alexsmobs:lobster":2,"alexsmobs:seagull":1,"minecraft:skeleton":2,"minecraft:piglin_brute":1,"minecraft:pig":4,"minecraft:zombie":8,"minecraft:glow_squid":2,"minecraft:cow":2},"minecraft:used":{"minecraft:beetroot":31,"minecraft:moss_block":5,"minecraft:iron_sword":54,"minecraft:torch":4,"minecraft:dirt":8,"minecraft:granite":9,"minecraft:wooden_axe":30,"minecraft:lava_bucket":2,"minecraft:rooted_dirt":13,"minecraft:furnace":5,"minecraft:cooked_beef":1,"minecraft:potato":7,"minecraft:birch_planks":6,"minecraft:glow_berries":6,"minecraft:crafting_table":5,"minecraft:red_bed":3,"minecraft:bread":2,"minecraft:iron_pickaxe":432,"minecraft:cobblestone":6,"minecraft:cooked_porkchop":4,"minecraft:andesite":11,"minecraft:bucket":3,"alexsmobs:animal_dictionary":1},"minecraft:custom":{"minecraft:interact_with_anvil":1,"minecraft:mob_kills":25,"minecraft:interact_with_crafting_table":13,"minecraft:open_barrel":24,"minecraft:leave_game":1,"minecraft:time_since_death":11750,"minecraft:climb_one_cm":10479,"minecraft:sprint_one_cm":328895,"minecraft:walk_one_cm":376748,"minecraft:drop":41,"minecraft:play_time":112450,"minecraft:deaths":29,"minecraft:sneak_time":1010,"minecraft:walk_under_water_one_cm":5716,"minecraft:jump":1930,"minecraft:walk_on_water_one_cm":17541,"minecraft:total_world_time":112450,"minecraft:interact_with_furnace":17,"minecraft:interact_with_loom":1,"minecraft:sleep_in_bed":3,"minecraft:time_since_rest":9948,"minecraft:damage_taken":9259,"minecraft:damage_dealt":4893,"minecraft:swim_one_cm":19681,"minecraft:fly_one_cm":367857,"minecraft:open_chest":3,"minecraft:crouch_one_cm":1313,"minecraft:fall_one_cm":67056},"minecraft:picked_up":{"minecraft:wooden_axe":2,"minecraft:coarse_dirt":13,"minecraft:crafting_table":5,"minecraft:wheat":4,"minecraft:chicken":1,"minecraft:clay_ball":56,"minecraft:suspicious_stew":2,"minecraft:potion":1,"minecraft:nether_brick":6,"minecraft:string":5,"minecraft:red_bed":3,"minecraft:moss_carpet":1,"minecraft:raw_copper":76,"minecraft:iron_axe":1,"minecraft:blackstone":21,"minecraft:beetroot":429,"minecraft:gold_nugget":12,"minecraft:cobbled_deepslate":113,"minecraft:bucket":1,"minecraft:beef":23,"minecraft:jungle_sapling":5,"minecraft:player_head":5,"minecraft:azalea":4,"minecraft:iron_nugget":40,"minecraft:iron_pickaxe":5,"minecraft:sugar_cane":45,"minecraft:birch_sapling":2,"minecraft:egg":1,"minecraft:furnace":2,"minecraft:dark_oak_sapling":1,"minecraft:stick":16,"minecraft:raw_iron":37,"minecraft:sandstone":66,"minecraft:torch":8,"minecraft:spruce_stairs":5,"minecraft:spruce_fence":2,"minecraft:fire_charge":4,"minecraft:porkchop":17,"minecraft:diorite":38,"minecraft:redstone":84,"minecraft:arrow":6,"minecraft:rotten_flesh":65,"minecraft:beetroot_seeds":1564,"minecraft:glow_berries":6,"minecraft:obsidian":2,"alexsmobs:flying_fish":11,"minecraft:cobblestone":256,"minecraft:birch_log":52,"minecraft:feather":9,"minecraft:cooked_beef":2,"minecraft:glow_ink_sac":16,"minecraft:salmon":1,"minecraft:andesite":50,"minecraft:leather":22,"minecraft:potato":16,"minecraft:birch_planks":46,"minecraft:oak_log":11,"minecraft:lapis_lazuli":192,"minecraft:dirt":76,"minecraft:bone":2,"minecraft:wheat_seeds":2,"minecraft:raw_gold":50,"minecraft:iron_ingot":7,"minecraft:soul_sand":7,"minecraft:flowering_azalea":4,"minecraft:moss_block":10,"minecraft:honeycomb":115,"minecraft:iron_sword":10,"minecraft:oak_planks":86,"minecraft:cooked_porkchop":10,"minecraft:quartz":6,"minecraft:gravel":20,"minecraft:sand":60,"minecraft:spectral_arrow":41,"minecraft:dark_oak_log":4,"minecraft:diamond":1,"minecraft:granite":46,"minecraft:bread":26,"minecraft:rooted_dirt":96,"minecraft:coal":30}},"DataVersion":3465}