{"stats":{"minecraft:mined":{"minecraft:spruce_planks":1,"minecraft:tuff":2,"minecraft:dark_oak_leaves":6,"minecraft:deepslate_diamond_ore":5,"minecraft:jungle_leaves":5,"minecraft:dark_oak_log":47,"minecraft:granite":30,"minecraft:cave_vines_plant":10,"minecraft:grass_block":5,"minecraft:spruce_fence":1,"minecraft:red_mushroom":1,"minecraft:moss_block":15,"minecraft:rooted_dirt":21,"minecraft:sandstone":15,"minecraft:spawner":1,"minecraft:potted_warped_fungus":1,"minecraft:tall_seagrass":1,"minecraft:furnace":5,"minecraft:iron_ore":52,"minecraft:fire":214,"minecraft:andesite":11,"minecraft:moss_carpet":1,"minecraft:deepslate_lapis_ore":8,"minecraft:shroomlight":1,"minecraft:cave_vines":14,"minecraft:deepslate_iron_ore":26,"minecraft:vine":4,"minecraft:flowering_azalea_leaves":7,"minecraft:azalea_leaves":14,"minecraft:azalea":3,"minecraft:stone":242,"minecraft:player_head":1,"travelersbackpack:spider":1,"minecraft:deepslate_redstone_ore":10,"minecraft:red_bed":2,"travelersbackpack:standard":3,"minecraft:crafting_table":5,"minecraft:clay":15,"minecraft:torch":1,"minecraft:blast_furnace":1,"minecraft:melon":6,"minecraft:chest":1,"minecraft:rose_bush":2,"minecraft:mushroom_stem":84,"minecraft:tall_grass":7,"minecraft:copper_ore":12,"minecraft:lapis_ore":8,"minecraft:deepslate_gold_ore":32,"minecraft:sugar_cane":16,"minecraft:diorite":19,"minecraft:wall_torch":3,"minecraft:deepslate_copper_ore":4,"minecraft:coarse_dirt":7,"minecraft:birch_log":26,"minecraft:birch_leaves":6,"minecraft:grass":16,"minecraft:oak_log":11,"minecraft:coal_ore":61,"minecraft:beetroots":115,"minecraft:sand":49,"minecraft:dirt":3,"minecraft:red_mushroom_block":1,"minecraft:small_dripleaf":1,"minecraft:oak_leaves":3,"minecraft:deepslate":95,"minecraft:fern":1},"minecraft:broken":{"minecraft:iron_shovel":1,"minecraft:iron_pickaxe":2},"minecraft:dropped":{"minecraft:iron_ingot":2,"minecraft:moss_block":61,"minecraft:dark_oak_sapling":2,"minecraft:feather":1,"minecraft:cobblestone":16,"minecraft:leather":1,"travelersbackpack:standard":1,"minecraft:spruce_stairs":1,"minecraft:stick":3,"minecraft:dirt":6,"minecraft:diorite":19,"minecraft:wooden_axe":1,"alexsmobs:flying_fish":2,"minecraft:jungle_sapling":1,"minecraft:gold_nugget":2,"minecraft:flowering_azalea":3,"minecraft:sand":15,"minecraft:string":1,"minecraft:bucket":5,"minecraft:moss_carpet":20,"alexsmobs:maggot":2,"minecraft:player_head":1,"minecraft:coarse_dirt":2,"minecraft:cobbled_deepslate":2,"minecraft:tuff":2,"minecraft:birch_sapling":1,"minecraft:beetroot":19,"minecraft:oak_planks":14,"minecraft:beetroot_seeds":1,"minecraft:azalea":8,"minecraft:sandstone":15,"minecraft:arrow":3,"minecraft:raw_gold":26},"minecraft:crafted":{"minecraft:smooth_stone":3,"minecraft:oak_planks":44,"minecraft:furnace":4,"minecraft:blast_furnace":1,"minecraft:glass":5,"travelersbackpack:white_sleeping_bag":2,"minecraft:bow":1,"minecraft:iron_boots":2,"minecraft:chest":2,"minecraft:dark_oak_planks":124,"minecraft:smoker":1,"minecraft:cooked_beef":18,"minecraft:cooked_porkchop":13,"minecraft:crafting_table":3,"travelersbackpack:standard":1,"travelersbackpack:backpack_tank":4,"minecraft:iron_helmet":1,"minecraft:iron_sword":1,"minecraft:copper_ingot":3,"minecraft:bucket":2,"minecraft:birch_planks":56,"minecraft:air":0,"minecraft:iron_chestplate":1,"minecraft:shield":2,"minecraft:stick":24,"minecraft:iron_ingot":68,"minecraft:iron_pickaxe":4,"minecraft:wooden_axe":3,"minecraft:gold_ingot":19,"minecraft:iron_leggings":1},"minecraft:killed_by":{"minecraft:zombie_villager":1,"minecraft:player":1,"minecraft:piglin_brute":46,"minecraft:creeper":5,"minecraft:spider":1,"minecraft:piglin":41,"minecraft:skeleton":4,"minecraft:zombie":3},"minecraft:killed":{"alexsmobs:lobster":2,"minecraft:witch":1,"minecraft:spider":6,"alexsmobs:seagull":1,"minecraft:skeleton":6,"minecraft:piglin_brute":9,"minecraft:piglin":15,"minecraft:pig":8,"minecraft:creeper":1,"alexsmobs:cockroach":2,"minecraft:zombie":44,"alexsmobs:fly":2,"minecraft:glow_squid":2,"minecraft:cow":5},"minecraft:used":{"minecraft:beetroot":31,"minecraft:moss_block":5,"minecraft:iron_shovel":31,"minecraft:armor_stand":2,"minecraft:chest":1,"minecraft:shield":33,"minecraft:iron_sword":520,"minecraft:iron_chestplate":3,"minecraft:torch":6,"minecraft:dirt":8,"minecraft:chainmail_chestplate":4,"minecraft:diamond_helmet":1,"minecraft:granite":25,"minecraft:dark_oak_planks":12,"minecraft:wooden_axe":69,"minecraft:lava_bucket":15,"minecraft:rooted_dirt":20,"minecraft:iron_helmet":3,"minecraft:iron_boots":3,"minecraft:bow":9,"minecraft:furnace":7,"minecraft:cooked_beef":3,"minecraft:potato":7,"minecraft:cobbled_deepslate":21,"minecraft:iron_leggings":5,"minecraft:leather_leggings":1,"minecraft:birch_planks":6,"minecraft:baked_potato":6,"minecraft:sandstone":4,"minecraft:sugar_cane":17,"minecraft:golden_apple":1,"minecraft:glow_berries":6,"minecraft:sand":10,"minecraft:crafting_table":9,"minecraft:red_bed":3,"minecraft:blast_furnace":2,"minecraft:smoker":1,"alexsmobs:flying_fish":2,"minecraft:apple":2,"minecraft:melon_slice":3,"minecraft:bread":6,"minecraft:iron_pickaxe":750,"minecraft:stone_axe":16,"minecraft:cobblestone":107,"minecraft:cooked_porkchop":12,"minecraft:andesite":11,"minecraft:bucket":16,"alexsmobs:animal_dictionary":1},"minecraft:custom":{"minecraft:interact_with_anvil":1,"minecraft:mob_kills":112,"minecraft:interact_with_crafting_table":80,"minecraft:open_barrel":85,"minecraft:leave_game":2,"minecraft:time_since_death":2616,"minecraft:climb_one_cm":17192,"minecraft:sprint_one_cm":676367,"minecraft:walk_one_cm":973776,"minecraft:damage_blocked_by_shield":2640,"minecraft:drop":127,"minecraft:play_time":274648,"minecraft:deaths":107,"minecraft:sneak_time":6600,"minecraft:walk_under_water_one_cm":9104,"minecraft:jump":4520,"minecraft:interact_with_blast_furnace":8,"minecraft:walk_on_water_one_cm":103676,"minecraft:total_world_time":274648,"minecraft:interact_with_furnace":57,"minecraft:interact_with_loom":1,"minecraft:sleep_in_bed":6,"minecraft:time_since_rest":2638,"minecraft:damage_taken":33291,"minecraft:damage_absorbed":40,"minecraft:damage_dealt":22051,"minecraft:swim_one_cm":37621,"minecraft:fly_one_cm":765610,"minecraft:open_chest":47,"minecraft:crouch_one_cm":9506,"minecraft:interact_with_smoker":12,"minecraft:fall_one_cm":157644},"minecraft:picked_up":{"minecraft:wooden_axe":8,"minecraft:iron_chestplate":6,"minecraft:coarse_dirt":21,"minecraft:crafting_table":10,"minecraft:wheat":4,"minecraft:leather_leggings":7,"minecraft:chicken":1,"minecraft:clay_ball":224,"minecraft:suspicious_stew":2,"minecraft:potion":1,"minecraft:nether_brick":6,"travelersbackpack:spider":1,"minecraft:shield":9,"minecraft:string":105,"minecraft:red_bed":3,"minecraft:moss_carpet":21,"minecraft:raw_copper":177,"minecraft:iron_axe":1,"minecraft:shroomlight":5,"minecraft:armor_stand":15,"minecraft:iron_leggings":11,"minecraft:iron_shovel":1,"minecraft:blue_orchid":6,"minecraft:blackstone":21,"minecraft:beetroot":429,"minecraft:gold_nugget":69,"minecraft:cobbled_deepslate":1224,"minecraft:bucket":14,"minecraft:melon_slice":30,"minecraft:spruce_planks":6,"minecraft:beef":68,"minecraft:rose_bush":27,"minecraft:jungle_sapling":5,"minecraft:player_head":19,"minecraft:azalea":11,"minecraft:iron_nugget":40,"minecraft:azalea_leaves":4,"minecraft:iron_pickaxe":19,"minecraft:chest":3,"minecraft:sugar_cane":140,"minecraft:birch_sapling":2,"minecraft:iron_boots":9,"minecraft:egg":1,"minecraft:furnace":8,"minecraft:dark_oak_sapling":1,"minecraft:stick":24,"minecraft:raw_iron":136,"minecraft:sandstone":346,"minecraft:copper_ingot":12,"minecraft:torch":12,"minecraft:spruce_stairs":5,"minecraft:spruce_fence":2,"minecraft:fire_charge":4,"minecraft:porkchop":23,"minecraft:diorite":57,"minecraft:carrot":14,"minecraft:redstone":252,"minecraft:dark_oak_planks":108,"minecraft:stone_shovel":11,"minecraft:honey_bottle":66,"minecraft:arrow":30,"minecraft:rotten_flesh":325,"minecraft:beetroot_seeds":1957,"minecraft:gold_ingot":12,"minecraft:glow_berries":6,"minecraft:obsidian":2,"minecraft:white_wool":10,"alexsmobs:flying_fish":17,"minecraft:cobblestone":999,"minecraft:birch_log":66,"minecraft:feather":10,"minecraft:cooked_beef":33,"minecraft:water_bucket":1,"minecraft:glow_ink_sac":76,"minecraft:salmon":1,"minecraft:andesite":50,"minecraft:leather":46,"minecraft:red_mushroom":2,"minecraft:potato":63,"minecraft:birch_planks":46,"minecraft:tuff":2,"minecraft:oak_log":11,"minecraft:chainmail_chestplate":10,"minecraft:gunpowder":1,"minecraft:lapis_lazuli":576,"minecraft:dirt":92,"minecraft:lantern":1,"minecraft:bone":105,"minecraft:apple":18,"minecraft:bow":30,"minecraft:wheat_seeds":3,"minecraft:raw_gold":219,"minecraft:stone_pickaxe":9,"minecraft:iron_ingot":61,"minecraft:diamond_helmet":5,"minecraft:glass_bottle":25,"minecraft:glowstone_dust":12,"minecraft:soul_sand":7,"minecraft:flowering_azalea":6,"minecraft:moss_block":94,"minecraft:honeycomb":207,"minecraft:iron_sword":52,"minecraft:oak_planks":126,"minecraft:warped_fungus":8,"minecraft:cooked_porkchop":17,"minecraft:quartz":6,"minecraft:lava_bucket":8,"minecraft:gravel":20,"minecraft:sand":709,"minecraft:blast_furnace":1,"minecraft:spruce_door":2,"minecraft:spectral_arrow":41,"minecraft:dark_oak_log":142,"minecraft:spider_eye":1,"minecraft:mossy_cobblestone":7,"travelersbackpack:standard":4,"minecraft:diamond":21,"minecraft:stone_axe":8,"minecraft:iron_helmet":9,"minecraft:granite":55,"minecraft:golden_apple":2,"minecraft:spruce_sign":1,"minecraft:emerald":66,"minecraft:bread":98,"minecraft:baked_potato":189,"alexsmobs:maggot":4,"minecraft:rooted_dirt":103,"minecraft:coal":173}},"DataVersion":3465}