{"stats":{"minecraft:dropped":{"minecraft:moss_block":61,"minecraft:dark_oak_sapling":4,"minecraft:cooked_porkchop":1,"minecraft:dark_oak_slab":8,"travelersbackpack:snow":1,"minecraft:leather":5,"travelersbackpack:standard":1,"minecraft:leather_helmet":3,"minecraft:emerald":100,"minecraft:cod":1,"minecraft:dirt":7,"alexsmobs:flying_fish":2,"minecraft:snowball":40,"minecraft:jungle_sapling":1,"minecraft:gold_nugget":8,"minecraft:bone_meal":1,"minecraft:sand":121,"minecraft:iron_pickaxe":3,"minecraft:dark_oak_planks":5,"minecraft:gravel":3,"minecraft:polished_blackstone_wall":1,"minecraft:iron_nugget":7,"minecraft:sugar_cane":7,"minecraft:cobbled_deepslate":2,"minecraft:wheat":7,"minecraft:birch_sapling":1,"minecraft:beetroot":19,"minecraft:rotten_flesh":94,"minecraft:oak_planks":19,"minecraft:fern":5,"minecraft:white_bed":1,"minecraft:carrot":29,"minecraft:poppy":30,"minecraft:gunpowder":3,"minecraft:charcoal":16,"minecraft:beetroot_seeds":6,"minecraft:azalea":8,"minecraft:chest":2,"minecraft:iron_bars":2,"minecraft:arrow":4,"minecraft:beef":1,"minecraft:golden_boots":1,"minecraft:netherrack":8,"minecraft:bread":70,"minecraft:egg":4,"minecraft:crimson_planks":2,"minecraft:iron_ingot":43,"morebows:diamond_bow":1,"minecraft:wheat_seeds":112,"minecraft:poisonous_potato":7,"minecraft:feather":3,"minecraft:cobblestone":17,"minecraft:tropical_fish":2,"minecraft:spruce_stairs":3,"minecraft:coal":1,"alexsmobs:raw_catfish":11,"minecraft:stick":578,"minecraft:pufferfish":5,"minecraft:cobweb":4,"minecraft:oxeye_daisy":1,"minecraft:gray_wool":7,"minecraft:diorite":19,"minecraft:brewing_stand":1,"minecraft:wooden_axe":1,"minecraft:melon_slice":23,"minecraft:brown_wool":3,"minecraft:potion":2,"minecraft:pumpkin":1,"minecraft:flowering_azalea":3,"minecraft:stonecutter":1,"minecraft:iron_shovel":5,"minecraft:string":16,"minecraft:pink_petals":8,"minecraft:bucket":6,"minecraft:spruce_sapling":2,"minecraft:dandelion":1,"minecraft:moss_carpet":20,"minecraft:sweet_berries":2,"minecraft:kelp":19,"alexsmobs:maggot":6,"minecraft:player_head":1,"minecraft:coarse_dirt":2,"minecraft:bowl":2,"minecraft:tuff":2,"minecraft:chicken":1,"minecraft:iron_hoe":2,"minecraft:spruce_fence":1,"minecraft:flint_and_steel":2,"minecraft:filled_map":1,"minecraft:potato":3,"minecraft:shield":2,"minecraft:flower_pot":2,"minecraft:bundle":3,"minecraft:spruce_planks":10,"minecraft:diamond_pickaxe":1,"minecraft:andesite":2,"minecraft:blue_ice":3,"minecraft:oak_sapling":4,"minecraft:spider_eye":20,"minecraft:sandstone":15,"minecraft:bow":2,"minecraft:raw_gold":26},"minecraft:killed":{"alexsmobs:lobster":3,"minecraft:cave_spider":1,"minecraft:witch":2,"minecraft:spider":36,"minecraft:skeleton":39,"minecraft:chicken":3,"minecraft:piglin_brute":10,"minecraft:piglin":15,"minecraft:pig":26,"minecraft:zombie_villager":1,"alexsmobs:seal":1,"minecraft:iron_golem":17,"minecraft:creeper":18,"alexsmobs:crimson_mosquito":3,"minecraft:sheep":68,"minecraft:trader_llama":2,"minecraft:pillager":3,"minecraft:zombie":176,"alexsmobs:fly":3,"minecraft:glow_squid":2,"minecraft:cow":14,"alexsmobs:raccoon":1,"minecraft:vindicator":1,"alexsmobs:tasmanian_devil":1,"alexsmobs:seagull":4,"minecraft:horse":1,"minecraft:llama":3,"alexsmobs:bison":3,"minecraft:drowned":5,"alexsmobs:tusklin":3,"alexsmobs:flying_fish":1,"minecraft:hoglin":1,"alexsmobs:catfish":7,"alexsmobs:crocodile":2,"alexsmobs:cockroach":2,"alexsmobs:moose":3,"alexsmobs:crow":1,"minecraft:enderman":1},"minecraft:crafted":{"minecraft:smooth_stone":3,"minecraft:oak_planks":116,"minecraft:cobblestone_slab":6,"minecraft:cooked_chicken":2,"minecraft:lever":1,"minecraft:bookshelf":2,"minecraft:cooked_mutton":86,"minecraft:glass":5,"minecraft:diamond_helmet":2,"minecraft:diamond_leggings":2,"minecraft:bow":2,"minecraft:iron_boots":16,"immersive_aircraft:hull":2,"minecraft:chest":4,"minecraft:smoker":1,"minecraft:arrow":1504,"minecraft:emerald":385,"minecraft:cooked_porkchop":46,"minecraft:crafting_table":13,"minecraft:baked_potato":64,"minecraft:spruce_planks":236,"travelersbackpack:standard":1,"minecraft:iron_helmet":2,"minecraft:copper_ingot":3,"minecraft:fletching_table":4,"minecraft:birch_planks":56,"immersive_aircraft:propeller":1,"minecraft:lectern":2,"minecraft:iron_chestplate":3,"minecraft:dark_oak_slab":12,"minecraft:book":8,"minecraft:paper":228,"minecraft:diamond_pickaxe":1,"minecraft:shield":18,"minecraft:stick":11976,"minecraft:iron_ingot":221,"minecraft:iron_pickaxe":4,"minecraft:iron_block":4,"minecraft:gold_ingot":93,"morebows:diamond_bow":1,"minecraft:fishing_rod":1,"immersive_aircraft:sail":3,"minecraft:furnace":8,"minecraft:blast_furnace":1,"minecraft:bone_meal":123,"minecraft:white_carpet":18,"minecraft:flint_and_steel":1,"travelersbackpack:white_sleeping_bag":2,"minecraft:iron_axe":11,"minecraft:iron_hoe":1,"minecraft:diamond_boots":2,"minecraft:dark_oak_planks":6146,"minecraft:wheat":252,"minecraft:cooked_beef":33,"travelersbackpack:backpack_tank":4,"minecraft:iron_sword":5,"alexsmobs:cooked_moose_ribs":1,"minecraft:bucket":4,"minecraft:enchanted_book":2,"minecraft:air":0,"minecraft:bread":146,"immersive_aircraft:gyrodyne":1,"minecraft:chainmail_boots":24,"minecraft:wooden_axe":3,"minecraft:iron_shovel":3,"minecraft:iron_leggings":3,"minecraft:anvil":1,"minecraft:white_bed":6,"minecraft:diamond_chestplate":2},"minecraft:mined":{"minecraft:dark_oak_planks":25,"minecraft:blue_carpet":3,"minecraft:spruce_planks":5,"minecraft:white_bed":19,"minecraft:farmland":5,"minecraft:jungle_leaves":11,"minecraft:brewing_stand":5,"minecraft:obsidian":7,"minecraft:spruce_trapdoor":1,"minecraft:cave_vines_plant":10,"minecraft:granite":30,"travelersbackpack:iron_golem":8,"minecraft:grass_block":241,"minecraft:spawner":2,"minecraft:potted_warped_fungus":1,"minecraft:potted_fern":1,"minecraft:tall_seagrass":1,"minecraft:magma_block":1,"minecraft:iron_ore":197,"minecraft:fire":272,"minecraft:moss_carpet":1,"minecraft:pumpkin":2,"minecraft:deepslate_lapis_ore":8,"minecraft:fletching_table":35,"minecraft:water_cauldron":2,"minecraft:flowering_azalea_leaves":7,"minecraft:cave_vines":14,"minecraft:dirt_path":19,"minecraft:iron_bars":1,"minecraft:azalea_leaves":14,"minecraft:azalea":3,"minecraft:player_head":1,"minecraft:deepslate_redstone_ore":10,"minecraft:crimson_nylium":3,"minecraft:polished_blackstone_wall":1,"minecraft:red_bed":11,"minecraft:kelp_plant":20,"minecraft:smoker":3,"minecraft:clay":15,"minecraft:torch":3,"minecraft:blast_furnace":6,"minecraft:melon":14,"minecraft:poppy":2,"minecraft:chest":7,"minecraft:mushroom_stem":87,"minecraft:nether_quartz_ore":12,"minecraft:cobblestone":14,"minecraft:oak_planks":2,"minecraft:sugar_cane":165,"minecraft:wall_torch":8,"minecraft:cauldron":1,"minecraft:deepslate_copper_ore":4,"minecraft:pink_petals":1,"minecraft:seagrass":1,"minecraft:birch_log":26,"minecraft:wheat":240,"minecraft:grass":238,"minecraft:oak_log":34,"minecraft:beetroots":130,"minecraft:dark_oak_sapling":8,"minecraft:sand":470,"minecraft:dirt":121,"minecraft:crimson_planks":1,"minecraft:red_mushroom_block":1,"securitycraft:sand_mine":1,"minecraft:stonecutter":1,"minecraft:netherrack":121,"minecraft:oak_leaves":88,"minecraft:deepslate":95,"minecraft:nether_gold_ore":11,"minecraft:tuff":2,"minecraft:red_carpet":3,"minecraft:dark_oak_leaves":73,"minecraft:deepslate_diamond_ore":5,"minecraft:dark_oak_log":1550,"minecraft:dark_oak_fence":1,"minecraft:spruce_fence":2,"minecraft:crimson_roots":1,"minecraft:kelp":12,"minecraft:rooted_dirt":21,"minecraft:red_mushroom":1,"minecraft:spruce_leaves":39,"minecraft:cartography_table":1,"minecraft:sandstone":15,"minecraft:moss_block":15,"minecraft:hay_block":28,"minecraft:spruce_sapling":2,"minecraft:furnace":11,"minecraft:carrots":57,"minecraft:snow":72,"minecraft:andesite":12,"minecraft:stripped_spruce_log":1,"minecraft:gold_block":4,"minecraft:bookshelf":4,"minecraft:shroomlight":1,"minecraft:potatoes":103,"minecraft:deepslate_iron_ore":26,"minecraft:vine":8,"minecraft:stone":399,"travelersbackpack:spider":1,"minecraft:smithing_table":6,"minecraft:glass_pane":1,"minecraft:stripped_dark_oak_log":3,"minecraft:dandelion":1,"minecraft:spruce_door":2,"travelersbackpack:standard":3,"minecraft:crafting_table":21,"minecraft:emerald_ore":1,"minecraft:rose_bush":2,"minecraft:campfire":1,"minecraft:lectern":10,"minecraft:copper_ore":12,"minecraft:tall_grass":9,"minecraft:lapis_ore":8,"minecraft:deepslate_gold_ore":32,"minecraft:diorite":19,"minecraft:blue_bed":10,"minecraft:blue_candle":1,"minecraft:spruce_stairs":2,"minecraft:gray_wool":1,"minecraft:coarse_dirt":8,"minecraft:stripped_spruce_wood":21,"minecraft:sweet_berry_bush":12,"minecraft:ice":104,"minecraft:birch_leaves":12,"minecraft:spruce_log":55,"minecraft:yellow_bed":1,"minecraft:coal_ore":174,"minecraft:gravel":108,"minecraft:cobweb":6,"minecraft:small_dripleaf":1,"minecraft:fern":9},"minecraft:custom":{"minecraft:animals_bred":3,"minecraft:interact_with_crafting_table":288,"minecraft:open_barrel":218,"minecraft:bell_ring":12,"minecraft:leave_game":16,"minecraft:time_since_death":185127,"minecraft:sprint_one_cm":3495339,"minecraft:damage_blocked_by_shield":5505,"minecraft:drop":595,"minecraft:talked_to_villager":503,"minecraft:play_time":1272596,"minecraft:deaths":145,"minecraft:jump":16500,"minecraft:interact_with_brewingstand":13,"minecraft:walk_on_water_one_cm":278837,"minecraft:interact_with_furnace":137,"minecraft:traded_with_villager":538,"minecraft:interact_with_cartography_table":1,"minecraft:interact_with_loom":1,"minecraft:sleep_in_bed":58,"minecraft:damage_dealt":66392,"minecraft:crouch_one_cm":34420,"minecraft:interact_with_smoker":41,"minecraft:interact_with_smithing_table":7,"minecraft:interact_with_anvil":5,"minecraft:mob_kills":517,"minecraft:interact_with_campfire":8,"minecraft:climb_one_cm":48084,"minecraft:walk_one_cm":4537338,"minecraft:sneak_time":18247,"minecraft:walk_under_water_one_cm":83025,"minecraft:boat_one_cm":35685,"minecraft:interact_with_blast_furnace":33,"minecraft:total_world_time":1272596,"minecraft:interact_with_stonecutter":3,"minecraft:time_since_rest":11913,"minecraft:damage_absorbed":40,"minecraft:damage_taken":52988,"minecraft:swim_one_cm":283288,"minecraft:fly_one_cm":3354970,"minecraft:open_chest":481,"minecraft:fish_caught":9,"minecraft:fall_one_cm":487736},"minecraft:broken":{"minecraft:iron_shovel":2,"minecraft:iron_boots":1,"minecraft:golden_leggings":1,"minecraft:iron_sword":2,"minecraft:bow":1,"minecraft:leather_helmet":1,"minecraft:stone_hoe":1,"minecraft:iron_axe":5,"minecraft:iron_pickaxe":2,"minecraft:iron_helmet":1},"minecraft:killed_by":{"minecraft:zombie_villager":1,"minecraft:piglin_brute":47,"minecraft:creeper":6,"alexsmobs:tusklin":6,"minecraft:piglin":41,"minecraft:zombie":3,"alexsmobs:grizzly_bear":1,"minecraft:player":1,"minecraft:stray":1,"minecraft:spider":4,"minecraft:enderman":1,"minecraft:iron_golem":6,"alexsmobs:bison":2,"minecraft:hoglin":1,"minecraft:skeleton":17,"alexsmobs:crimson_mosquito":1},"minecraft:used":{"minecraft:beetroot":34,"minecraft:moss_block":5,"minecraft:iron_shovel":788,"minecraft:shield":93,"minecraft:chest":9,"minecraft:iron_sword":1332,"minecraft:rotten_flesh":16,"minecraft:iron_chestplate":3,"minecraft:carrot":30,"minecraft:obsidian":9,"minecraft:lava_bucket":24,"minecraft:lantern":1,"minecraft:iron_helmet":4,"minecraft:bow":314,"minecraft:sweet_berries":63,"minecraft:furnace":17,"minecraft:beetroot_seeds":3,"minecraft:egg":2,"minecraft:potato":317,"minecraft:dark_oak_sapling":36,"minecraft:golden_boots":2,"alexsmobs:raw_catfish":1,"minecraft:oak_planks":9,"minecraft:leather_leggings":1,"minecraft:spruce_door":2,"minecraft:sandstone":4,"travelersbackpack:iron_golem":4,"minecraft:sugar_cane":74,"minecraft:blue_bed":9,"minecraft:glow_berries":6,"minecraft:golden_apple":1,"minecraft:sand":433,"minecraft:blast_furnace":7,"minecraft:chiseled_quartz_block":5,"minecraft:melon_slice":57,"minecraft:bread":91,"minecraft:light_gray_concrete":10,"minecraft:lectern":12,"minecraft:gravel":104,"minecraft:golden_helmet":1,"alexsmobs:cooked_moose_ribs":2,"minecraft:smithing_table":3,"minecraft:dark_oak_fence":2,"minecraft:andesite":11,"immersive_aircraft:gyrodyne":4,"minecraft:bone_meal":54,"minecraft:flint_and_steel":17,"minecraft:armor_stand":2,"morebows:diamond_bow":187,"minecraft:spruce_planks":1,"minecraft:stone_hoe":121,"minecraft:cooked_chicken":2,"minecraft:netherrack":88,"minecraft:dirt":413,"minecraft:torch":17,"minecraft:brewing_stand":5,"minecraft:anvil":1,"minecraft:diamond_helmet":1,"minecraft:chainmail_chestplate":4,"minecraft:granite":25,"minecraft:dark_oak_planks":169,"minecraft:iron_hoe":270,"minecraft:wooden_axe":69,"alexsmobs:maggot":5,"minecraft:iron_axe":2240,"minecraft:rooted_dirt":20,"minecraft:iron_boots":5,"minecraft:smooth_quartz":1,"securitycraft:sand_mine":2,"alexsmobs:lobster_bucket":1,"minecraft:cooked_beef":15,"minecraft:pumpkin":1,"minecraft:cobbled_deepslate":21,"minecraft:beetroot_soup":1,"minecraft:iron_leggings":9,"minecraft:wheat_seeds":143,"minecraft:cooked_mutton":38,"minecraft:water_bucket":59,"minecraft:birch_planks":6,"minecraft:baked_potato":6,"minecraft:cauldron":3,"minecraft:fletching_table":39,"minecraft:crafting_table":33,"minecraft:red_bed":12,"minecraft:white_bed":25,"minecraft:book":9,"minecraft:smoker":3,"alexsmobs:flying_fish":2,"minecraft:diamond_pickaxe":794,"minecraft:apple":6,"minecraft:iron_pickaxe":750,"alexsmobs:crocodile_egg":1,"minecraft:map":3,"minecraft:leather_helmet":2,"minecraft:spruce_trapdoor":1,"minecraft:spruce_sapling":24,"minecraft:stone_axe":16,"minecraft:enchanted_book":1,"minecraft:fishing_rod":20,"minecraft:cobblestone":212,"minecraft:porkchop":1,"minecraft:cooked_porkchop":48,"minecraft:bucket":93,"alexsmobs:animal_dictionary":1,"minecraft:gray_wool":1,"minecraft:diamond_leggings":5},"minecraft:picked_up":{"minecraft:wooden_axe":8,"minecraft:blue_candle":3,"minecraft:iron_chestplate":14,"minecraft:wheat":231,"minecraft:suspicious_stew":2,"minecraft:flower_pot":2,"securitycraft:sand_mine":1,"minecraft:smithing_table":6,"minecraft:lead":3,"minecraft:potion":12,"minecraft:nether_brick":6,"minecraft:crimson_planks":2,"travelersbackpack:spider":1,"minecraft:brewing_stand":9,"minecraft:string":244,"minecraft:raw_copper":177,"minecraft:iron_leggings":14,"minecraft:beetroot_soup":2,"minecraft:armor_stand":15,"minecraft:pufferfish":5,"minecraft:shroomlight":5,"minecraft:beetroot":432,"alexsmobs:blood_sac":3,"minecraft:gold_nugget":160,"minecraft:cobbled_deepslate":1224,"bosses_of_mass_destruction:soul_star":8,"minecraft:bucket":20,"minecraft:spruce_planks":137,"alexsmobs:cooked_moose_ribs":3,"minecraft:rose_bush":27,"minecraft:azalea":11,"minecraft:iron_pickaxe":22,"minecraft:smooth_quartz":1,"minecraft:azalea_leaves":4,"minecraft:melon_slice":164,"minecraft:iron_boots":23,"minecraft:furnace":14,"minecraft:stick":1469,"minecraft:torch":37,"minecraft:spruce_stairs":8,"minecraft:porkchop":85,"minecraft:diorite":57,"minecraft:golden_chestplate":1,"minecraft:rabbit_foot":1,"minecraft:cauldron":3,"minecraft:honey_bottle":66,"minecraft:rotten_flesh":724,"minecraft:tropical_fish":2,"minecraft:obsidian":9,"minecraft:iron_bars":3,"morebows:diamond_bow":24,"minecraft:cod":4,"minecraft:snowball":146,"alexsmobs:flying_fish":22,"minecraft:cobblestone":1392,"minecraft:pink_petals":8,"minecraft:birch_log":66,"travelersbackpack:iron_golem":8,"minecraft:feather":26,"minecraft:cooked_beef":49,"minecraft:water_bucket":14,"minecraft:andesite":56,"minecraft:brown_wool":3,"minecraft:golden_leggings":6,"minecraft:potato":349,"minecraft:chiseled_quartz_block":5,"minecraft:smoker":6,"alexsmobs:bison_fur":3,"minecraft:flint":50,"minecraft:tuff":2,"minecraft:stripped_spruce_wood":22,"minecraft:gray_concrete":1,"minecraft:lapis_lazuli":576,"minecraft:dirt":1286,"minecraft:lantern":7,"minecraft:bone":207,"minecraft:stonecutter":1,"minecraft:bow":43,"minecraft:wheat_seeds":660,"minecraft:raw_gold":219,"minecraft:honeycomb":207,"minecraft:fletching_table":39,"minecraft:diamond_helmet":5,"minecraft:glowstone_dust":12,"minecraft:moss_block":94,"minecraft:oak_planks":133,"minecraft:stone_hoe":3,"minecraft:cooked_porkchop":41,"minecraft:poisonous_potato":4,"alexsmobs:crocodile_egg":2,"minecraft:sand":2137,"minecraft:stripped_spruce_log":1,"minecraft:spectral_arrow":41,"minecraft:dark_oak_log":2082,"minecraft:mossy_cobblestone":7,"minecraft:bundle":5,"minecraft:iron_hoe":23,"minecraft:light_gray_concrete":10,"minecraft:diamond":36,"minecraft:blue_ice":3,"minecraft:crossbow":8,"minecraft:granite":55,"minecraft:bone_meal":56,"minecraft:golden_apple":2,"minecraft:spruce_sign":1,"alexsmobs:moose_ribs":6,"minecraft:emerald":162,"minecraft:bread":357,"minecraft:rooted_dirt":103,"alexsmobs:maggot":19,"minecraft:oak_sapling":12,"minecraft:dark_oak_fence":2,"minecraft:netherrack":372,"minecraft:crimson_roots":7,"minecraft:diamond_pickaxe":28,"minecraft:charcoal":58,"minecraft:fishing_rod":2,"minecraft:crafting_table":31,"minecraft:coarse_dirt":24,"minecraft:chicken":8,"minecraft:clay_ball":224,"minecraft:leather_leggings":7,"minecraft:gold_block":4,"minecraft:shield":27,"minecraft:red_bed":13,"minecraft:moss_carpet":21,"minecraft:iron_axe":35,"minecraft:flint_and_steel":12,"minecraft:iron_shovel":24,"minecraft:polished_blackstone_wall":3,"minecraft:blackstone":21,"minecraft:blue_orchid":6,"minecraft:cartography_table":1,"minecraft:beef":124,"minecraft:player_head":19,"minecraft:jungle_sapling":5,"minecraft:iron_nugget":91,"minecraft:poppy":52,"minecraft:lectern":17,"minecraft:sugar_cane":512,"minecraft:chest":17,"minecraft:birch_sapling":3,"minecraft:egg":11,"minecraft:spruce_trapdoor":1,"minecraft:dark_oak_sapling":113,"minecraft:raw_iron":343,"minecraft:sandstone":346,"minecraft:copper_ingot":15,"minecraft:bowl":1,"minecraft:spruce_fence":3,"minecraft:fire_charge":6,"minecraft:stone_button":1,"minecraft:carrot":187,"minecraft:redstone":252,"minecraft:blue_carpet":3,"minecraft:dark_oak_planks":570,"travelersbackpack:snow":2,"minecraft:arrow":756,"minecraft:stone_shovel":11,"minecraft:beetroot_seeds":1996,"minecraft:hay_block":58,"minecraft:gold_ingot":307,"minecraft:glistering_melon_slice":110,"minecraft:glow_berries":6,"minecraft:mutton":178,"minecraft:white_wool":103,"minecraft:oxeye_daisy":1,"minecraft:clock":4,"minecraft:glow_ink_sac":76,"minecraft:salmon":2,"minecraft:leather":63,"minecraft:fern":8,"minecraft:red_mushroom":2,"minecraft:birch_planks":46,"minecraft:filled_map":5,"minecraft:oak_log":40,"minecraft:chainmail_chestplate":10,"minecraft:golden_boots":5,"minecraft:yellow_bed":1,"minecraft:gunpowder":38,"immersive_aircraft:gyrodyne":3,"alexsmobs:mosquito_proboscis":2,"minecraft:blue_bed":14,"minecraft:cooked_mutton":357,"minecraft:red_carpet":3,"minecraft:apple":31,"minecraft:kelp":21,"minecraft:iron_ingot":484,"minecraft:stone_pickaxe":9,"minecraft:cobweb":12,"minecraft:glass_bottle":27,"minecraft:iron_sword":74,"minecraft:flowering_azalea":6,"minecraft:soul_sand":7,"minecraft:book":13,"minecraft:warped_fungus":8,"minecraft:dark_oak_slab":12,"minecraft:pumpkin":6,"minecraft:sweet_berries":63,"minecraft:quartz":90,"minecraft:dandelion":2,"minecraft:gravel":132,"minecraft:lava_bucket":13,"minecraft:spruce_sapling":31,"minecraft:blast_furnace":11,"minecraft:white_bed":21,"minecraft:spruce_log":56,"minecraft:spider_eye":47,"minecraft:spruce_door":4,"minecraft:leather_helmet":12,"travelersbackpack:standard":4,"alexsmobs:raw_catfish":12,"minecraft:stone_axe":8,"minecraft:iron_helmet":17,"minecraft:gray_wool":11,"minecraft:baked_potato":189,"minecraft:stripped_dark_oak_log":3,"minecraft:coal":372}},"DataVersion":3465}