{"stats":{"minecraft:broken":{"minecraft:iron_shovel":2,"minecraft:iron_boots":1,"minecraft:leather_helmet":1,"minecraft:stone_hoe":1,"minecraft:iron_axe":1,"minecraft:iron_pickaxe":2},"minecraft:custom":{"minecraft:animals_bred":1,"minecraft:interact_with_crafting_table":222,"minecraft:open_barrel":189,"minecraft:bell_ring":12,"minecraft:leave_game":14,"minecraft:time_since_death":4874,"minecraft:sprint_one_cm":2569955,"minecraft:damage_blocked_by_shield":5295,"minecraft:drop":289,"minecraft:talked_to_villager":89,"minecraft:play_time":898128,"minecraft:deaths":140,"minecraft:jump":13384,"minecraft:interact_with_brewingstand":10,"minecraft:walk_on_water_one_cm":260605,"minecraft:interact_with_furnace":130,"minecraft:traded_with_villager":27,"minecraft:interact_with_cartography_table":1,"minecraft:interact_with_loom":1,"minecraft:sleep_in_bed":38,"minecraft:damage_dealt":48415,"minecraft:crouch_one_cm":24056,"minecraft:interact_with_smoker":33,"minecraft:interact_with_smithing_table":5,"minecraft:interact_with_anvil":1,"minecraft:mob_kills":365,"minecraft:interact_with_campfire":8,"minecraft:climb_one_cm":46808,"minecraft:walk_one_cm":3215325,"minecraft:sneak_time":13344,"minecraft:walk_under_water_one_cm":68801,"minecraft:boat_one_cm":35685,"minecraft:interact_with_blast_furnace":21,"minecraft:total_world_time":898128,"minecraft:interact_with_stonecutter":3,"minecraft:time_since_rest":5003,"minecraft:damage_taken":48185,"minecraft:damage_absorbed":40,"minecraft:swim_one_cm":265427,"minecraft:fly_one_cm":2730561,"minecraft:open_chest":297,"minecraft:fish_caught":9,"minecraft:fall_one_cm":401976},"minecraft:picked_up":{"minecraft:wooden_axe":8,"minecraft:blue_candle":3,"minecraft:iron_chestplate":8,"minecraft:wheat":78,"securitycraft:sand_mine":1,"minecraft:suspicious_stew":2,"minecraft:flower_pot":2,"minecraft:smithing_table":3,"minecraft:lead":2,"minecraft:potion":6,"minecraft:nether_brick":6,"minecraft:crimson_planks":2,"travelersbackpack:spider":1,"minecraft:brewing_stand":2,"minecraft:string":220,"minecraft:raw_copper":177,"minecraft:iron_leggings":13,"minecraft:beetroot_soup":2,"minecraft:armor_stand":15,"minecraft:pufferfish":5,"minecraft:shroomlight":5,"minecraft:beetroot":432,"alexsmobs:blood_sac":3,"minecraft:gold_nugget":160,"minecraft:cobbled_deepslate":1224,"bosses_of_mass_destruction:soul_star":6,"minecraft:bucket":20,"minecraft:spruce_planks":137,"minecraft:rose_bush":27,"minecraft:azalea":11,"minecraft:smooth_quartz":1,"minecraft:iron_pickaxe":19,"minecraft:azalea_leaves":4,"minecraft:melon_slice":164,"minecraft:iron_boots":23,"minecraft:furnace":14,"minecraft:stick":328,"minecraft:torch":19,"minecraft:spruce_stairs":8,"minecraft:porkchop":83,"minecraft:diorite":57,"minecraft:rabbit_foot":1,"minecraft:cauldron":1,"minecraft:honey_bottle":66,"minecraft:rotten_flesh":480,"minecraft:tropical_fish":2,"minecraft:obsidian":9,"morebows:diamond_bow":24,"minecraft:iron_bars":3,"minecraft:cod":4,"minecraft:snowball":146,"alexsmobs:flying_fish":22,"minecraft:cobblestone":1308,"minecraft:birch_log":66,"travelersbackpack:iron_golem":2,"minecraft:feather":24,"minecraft:cooked_beef":49,"minecraft:water_bucket":8,"minecraft:andesite":56,"minecraft:golden_leggings":5,"minecraft:brown_wool":2,"minecraft:chiseled_quartz_block":5,"minecraft:smoker":5,"minecraft:potato":147,"alexsmobs:bison_fur":3,"minecraft:flint":21,"minecraft:tuff":2,"minecraft:stripped_spruce_wood":22,"minecraft:gray_concrete":1,"minecraft:lapis_lazuli":576,"minecraft:dirt":1130,"minecraft:lantern":7,"minecraft:bone":176,"minecraft:stonecutter":1,"minecraft:bow":38,"minecraft:wheat_seeds":211,"minecraft:raw_gold":219,"minecraft:fletching_table":7,"minecraft:diamond_helmet":5,"minecraft:glowstone_dust":12,"minecraft:moss_block":94,"minecraft:oak_planks":133,"minecraft:stone_hoe":3,"minecraft:honeycomb":207,"minecraft:cooked_porkchop":41,"alexsmobs:crocodile_egg":2,"minecraft:poisonous_potato":3,"minecraft:sand":2091,"minecraft:stripped_spruce_log":1,"minecraft:spectral_arrow":41,"minecraft:dark_oak_log":224,"minecraft:mossy_cobblestone":7,"minecraft:bundle":3,"minecraft:iron_hoe":23,"minecraft:light_gray_concrete":10,"minecraft:diamond":36,"minecraft:blue_ice":3,"minecraft:crossbow":8,"minecraft:granite":55,"minecraft:bone_meal":8,"minecraft:golden_apple":2,"minecraft:emerald":94,"alexsmobs:moose_ribs":5,"minecraft:spruce_sign":1,"minecraft:bread":166,"alexsmobs:maggot":17,"minecraft:rooted_dirt":103,"minecraft:oak_sapling":3,"minecraft:netherrack":372,"minecraft:crimson_roots":7,"minecraft:diamond_pickaxe":22,"minecraft:charcoal":58,"minecraft:fishing_rod":2,"minecraft:crafting_table":21,"minecraft:coarse_dirt":24,"minecraft:chicken":7,"minecraft:clay_ball":224,"minecraft:leather_leggings":7,"minecraft:gold_block":4,"minecraft:shield":21,"minecraft:red_bed":11,"minecraft:moss_carpet":21,"minecraft:iron_axe":30,"minecraft:flint_and_steel":7,"minecraft:polished_blackstone_wall":3,"minecraft:iron_shovel":23,"minecraft:blackstone":21,"minecraft:blue_orchid":6,"minecraft:cartography_table":1,"minecraft:lectern":3,"minecraft:beef":124,"minecraft:player_head":19,"minecraft:jungle_sapling":5,"minecraft:iron_nugget":79,"minecraft:poppy":26,"minecraft:sugar_cane":264,"minecraft:chest":16,"minecraft:birch_sapling":3,"minecraft:spruce_trapdoor":1,"minecraft:egg":9,"minecraft:dark_oak_sapling":1,"minecraft:raw_iron":320,"minecraft:sandstone":346,"minecraft:copper_ingot":12,"minecraft:bowl":1,"minecraft:spruce_fence":2,"minecraft:fire_charge":6,"minecraft:stone_button":1,"minecraft:carrot":38,"minecraft:redstone":252,"minecraft:blue_carpet":3,"minecraft:dark_oak_planks":234,"minecraft:arrow":486,"minecraft:stone_shovel":11,"minecraft:beetroot_seeds":1978,"minecraft:hay_block":32,"minecraft:glistering_melon_slice":110,"minecraft:gold_ingot":307,"minecraft:glow_berries":6,"minecraft:mutton":156,"minecraft:white_wool":91,"minecraft:clock":4,"minecraft:glow_ink_sac":76,"minecraft:salmon":2,"minecraft:leather":63,"minecraft:fern":8,"minecraft:red_mushroom":2,"minecraft:filled_map":5,"minecraft:birch_planks":46,"minecraft:oak_log":34,"minecraft:chainmail_chestplate":10,"minecraft:yellow_bed":1,"minecraft:gunpowder":31,"immersive_aircraft:gyrodyne":1,"alexsmobs:mosquito_proboscis":2,"minecraft:blue_bed":8,"minecraft:cooked_mutton":343,"minecraft:red_carpet":3,"minecraft:apple":26,"minecraft:kelp":21,"minecraft:iron_ingot":344,"minecraft:stone_pickaxe":9,"minecraft:cobweb":12,"minecraft:glass_bottle":27,"minecraft:iron_sword":68,"minecraft:flowering_azalea":6,"minecraft:soul_sand":7,"minecraft:book":13,"minecraft:warped_fungus":8,"minecraft:dark_oak_slab":4,"minecraft:pumpkin":6,"minecraft:sweet_berries":63,"minecraft:quartz":90,"minecraft:dandelion":1,"minecraft:gravel":132,"minecraft:lava_bucket":13,"minecraft:spruce_sapling":31,"minecraft:blast_furnace":7,"minecraft:white_bed":2,"minecraft:spruce_log":56,"minecraft:spruce_door":4,"minecraft:spider_eye":40,"minecraft:leather_helmet":9,"alexsmobs:raw_catfish":12,"travelersbackpack:standard":4,"minecraft:stone_axe":8,"minecraft:iron_helmet":11,"minecraft:gray_wool":8,"minecraft:baked_potato":189,"minecraft:coal":354},"minecraft:killed_by":{"minecraft:zombie_villager":1,"minecraft:piglin_brute":47,"minecraft:creeper":6,"alexsmobs:tusklin":6,"minecraft:piglin":41,"minecraft:zombie":3,"alexsmobs:grizzly_bear":1,"minecraft:player":1,"minecraft:stray":1,"minecraft:spider":4,"minecraft:enderman":1,"minecraft:iron_golem":2,"alexsmobs:bison":2,"minecraft:hoglin":1,"minecraft:skeleton":16,"alexsmobs:crimson_mosquito":1},"minecraft:dropped":{"minecraft:moss_block":61,"minecraft:dark_oak_sapling":2,"minecraft:cooked_porkchop":1,"minecraft:leather":5,"travelersbackpack:standard":1,"minecraft:cod":1,"minecraft:dirt":6,"alexsmobs:flying_fish":2,"minecraft:snowball":40,"minecraft:jungle_sapling":1,"minecraft:gold_nugget":2,"minecraft:bone_meal":1,"minecraft:sand":118,"minecraft:gravel":3,"minecraft:polished_blackstone_wall":1,"minecraft:sugar_cane":6,"minecraft:cobbled_deepslate":2,"minecraft:birch_sapling":1,"minecraft:wheat":6,"minecraft:beetroot":19,"minecraft:rotten_flesh":56,"minecraft:oak_planks":19,"minecraft:fern":5,"minecraft:poppy":10,"minecraft:gunpowder":3,"minecraft:charcoal":16,"minecraft:beetroot_seeds":6,"minecraft:azalea":8,"minecraft:chest":2,"minecraft:iron_bars":2,"minecraft:arrow":3,"minecraft:beef":1,"minecraft:netherrack":8,"minecraft:egg":2,"minecraft:crimson_planks":2,"minecraft:iron_ingot":2,"morebows:diamond_bow":1,"minecraft:wheat_seeds":14,"minecraft:poisonous_potato":1,"minecraft:feather":1,"minecraft:cobblestone":16,"minecraft:tropical_fish":2,"alexsmobs:raw_catfish":11,"minecraft:spruce_stairs":3,"minecraft:coal":1,"minecraft:pufferfish":5,"minecraft:stick":64,"minecraft:gray_wool":6,"minecraft:diorite":19,"minecraft:wooden_axe":1,"minecraft:melon_slice":23,"minecraft:brown_wool":2,"minecraft:potion":2,"minecraft:pumpkin":1,"minecraft:flowering_azalea":3,"minecraft:stonecutter":1,"minecraft:iron_shovel":5,"minecraft:string":2,"minecraft:bucket":6,"minecraft:spruce_sapling":2,"minecraft:moss_carpet":20,"minecraft:sweet_berries":2,"minecraft:kelp":10,"alexsmobs:maggot":4,"minecraft:player_head":1,"minecraft:coarse_dirt":2,"minecraft:bowl":2,"minecraft:tuff":2,"minecraft:iron_hoe":2,"minecraft:flint_and_steel":1,"minecraft:filled_map":1,"minecraft:shield":1,"minecraft:flower_pot":2,"minecraft:spruce_planks":10,"minecraft:diamond_pickaxe":1,"minecraft:andesite":2,"minecraft:blue_ice":3,"minecraft:oak_sapling":1,"minecraft:spider_eye":15,"minecraft:sandstone":15,"minecraft:bow":1,"minecraft:raw_gold":26},"minecraft:crafted":{"minecraft:smooth_stone":3,"minecraft:oak_planks":92,"minecraft:cooked_chicken":2,"minecraft:bookshelf":2,"minecraft:cooked_mutton":64,"minecraft:glass":5,"minecraft:bow":1,"minecraft:iron_boots":3,"immersive_aircraft:hull":2,"minecraft:chest":2,"minecraft:smoker":1,"minecraft:emerald":11,"minecraft:arrow":256,"minecraft:cooked_porkchop":46,"minecraft:crafting_table":10,"minecraft:spruce_planks":236,"minecraft:iron_helmet":2,"travelersbackpack:standard":1,"minecraft:copper_ingot":3,"minecraft:fletching_table":4,"minecraft:birch_planks":56,"immersive_aircraft:propeller":1,"minecraft:lectern":2,"minecraft:dark_oak_slab":12,"minecraft:book":7,"minecraft:iron_chestplate":3,"minecraft:paper":21,"minecraft:diamond_pickaxe":1,"minecraft:shield":5,"minecraft:stick":448,"minecraft:iron_ingot":182,"minecraft:iron_pickaxe":4,"minecraft:gold_ingot":47,"morebows:diamond_bow":1,"minecraft:fishing_rod":1,"immersive_aircraft:sail":3,"minecraft:furnace":8,"minecraft:blast_furnace":1,"minecraft:bone_meal":48,"minecraft:white_carpet":18,"minecraft:flint_and_steel":1,"travelersbackpack:white_sleeping_bag":2,"minecraft:iron_axe":5,"minecraft:iron_hoe":1,"minecraft:dark_oak_planks":384,"minecraft:wheat":18,"minecraft:cooked_beef":33,"travelersbackpack:backpack_tank":4,"minecraft:iron_sword":3,"alexsmobs:cooked_moose_ribs":1,"minecraft:bucket":4,"minecraft:air":0,"minecraft:bread":18,"immersive_aircraft:gyrodyne":1,"minecraft:wooden_axe":3,"minecraft:iron_shovel":3,"minecraft:iron_leggings":2,"minecraft:white_bed":5},"minecraft:killed":{"alexsmobs:lobster":3,"minecraft:cave_spider":1,"minecraft:witch":2,"minecraft:spider":24,"minecraft:skeleton":29,"minecraft:chicken":3,"minecraft:piglin_brute":10,"minecraft:piglin":15,"minecraft:pig":26,"minecraft:zombie_villager":1,"alexsmobs:seal":1,"minecraft:iron_golem":5,"minecraft:creeper":12,"alexsmobs:crimson_mosquito":3,"minecraft:sheep":54,"minecraft:trader_llama":2,"minecraft:pillager":2,"minecraft:zombie":105,"alexsmobs:fly":2,"minecraft:glow_squid":2,"minecraft:cow":14,"alexsmobs:raccoon":1,"minecraft:vindicator":1,"alexsmobs:tasmanian_devil":1,"alexsmobs:seagull":3,"minecraft:horse":1,"minecraft:llama":3,"alexsmobs:bison":3,"minecraft:drowned":2,"alexsmobs:tusklin":3,"alexsmobs:flying_fish":1,"minecraft:hoglin":1,"alexsmobs:catfish":7,"alexsmobs:crocodile":2,"alexsmobs:cockroach":2,"alexsmobs:moose":3,"minecraft:enderman":1},"minecraft:used":{"minecraft:beetroot":34,"minecraft:moss_block":5,"minecraft:iron_shovel":785,"minecraft:chest":6,"minecraft:shield":89,"minecraft:iron_sword":901,"minecraft:rotten_flesh":14,"minecraft:iron_chestplate":3,"minecraft:obsidian":9,"minecraft:lava_bucket":24,"minecraft:lantern":1,"minecraft:iron_helmet":4,"minecraft:bow":14,"minecraft:sweet_berries":63,"minecraft:furnace":17,"minecraft:beetroot_seeds":3,"minecraft:egg":2,"minecraft:potato":30,"alexsmobs:raw_catfish":1,"minecraft:oak_planks":9,"minecraft:leather_leggings":1,"minecraft:spruce_door":2,"travelersbackpack:iron_golem":1,"minecraft:sandstone":4,"minecraft:sugar_cane":53,"minecraft:blue_bed":4,"minecraft:golden_apple":1,"minecraft:glow_berries":6,"minecraft:sand":398,"minecraft:blast_furnace":3,"minecraft:chiseled_quartz_block":5,"minecraft:melon_slice":57,"minecraft:light_gray_concrete":10,"minecraft:bread":28,"minecraft:gravel":104,"alexsmobs:cooked_moose_ribs":1,"immersive_aircraft:gyrodyne":2,"minecraft:andesite":11,"minecraft:bone_meal":48,"minecraft:flint_and_steel":6,"minecraft:armor_stand":2,"morebows:diamond_bow":187,"minecraft:spruce_planks":1,"minecraft:cooked_chicken":2,"minecraft:stone_hoe":121,"minecraft:netherrack":88,"minecraft:brewing_stand":2,"minecraft:torch":8,"minecraft:dirt":286,"minecraft:chainmail_chestplate":4,"minecraft:diamond_helmet":1,"minecraft:granite":25,"minecraft:dark_oak_planks":150,"minecraft:iron_hoe":270,"minecraft:wooden_axe":69,"alexsmobs:maggot":5,"minecraft:iron_axe":617,"minecraft:rooted_dirt":20,"minecraft:iron_boots":5,"minecraft:smooth_quartz":1,"securitycraft:sand_mine":2,"alexsmobs:lobster_bucket":1,"minecraft:cooked_beef":15,"minecraft:pumpkin":1,"minecraft:cobbled_deepslate":21,"minecraft:beetroot_soup":1,"minecraft:iron_leggings":5,"minecraft:wheat_seeds":96,"minecraft:cooked_mutton":18,"minecraft:water_bucket":46,"minecraft:birch_planks":6,"minecraft:baked_potato":6,"minecraft:cauldron":1,"minecraft:fletching_table":7,"minecraft:crafting_table":22,"minecraft:red_bed":10,"minecraft:white_bed":6,"minecraft:smoker":3,"alexsmobs:flying_fish":2,"minecraft:diamond_pickaxe":690,"minecraft:apple":5,"alexsmobs:crocodile_egg":1,"minecraft:iron_pickaxe":750,"minecraft:map":3,"minecraft:leather_helmet":2,"minecraft:spruce_trapdoor":1,"minecraft:spruce_sapling":24,"minecraft:stone_axe":16,"minecraft:fishing_rod":20,"minecraft:cobblestone":187,"minecraft:porkchop":1,"minecraft:cooked_porkchop":48,"minecraft:bucket":80,"alexsmobs:animal_dictionary":1},"minecraft:mined":{"minecraft:dark_oak_planks":15,"minecraft:blue_carpet":3,"minecraft:spruce_planks":5,"minecraft:white_bed":2,"minecraft:farmland":5,"minecraft:jungle_leaves":11,"minecraft:brewing_stand":2,"minecraft:obsidian":7,"minecraft:spruce_trapdoor":1,"minecraft:cave_vines_plant":10,"minecraft:granite":30,"travelersbackpack:iron_golem":2,"minecraft:grass_block":230,"minecraft:spawner":2,"minecraft:potted_warped_fungus":1,"minecraft:potted_fern":1,"minecraft:tall_seagrass":1,"minecraft:magma_block":1,"minecraft:iron_ore":174,"minecraft:fire":264,"minecraft:moss_carpet":1,"minecraft:pumpkin":2,"minecraft:deepslate_lapis_ore":8,"minecraft:fletching_table":5,"minecraft:flowering_azalea_leaves":7,"minecraft:cave_vines":14,"minecraft:dirt_path":19,"minecraft:iron_bars":1,"minecraft:azalea_leaves":14,"minecraft:azalea":3,"minecraft:player_head":1,"minecraft:deepslate_redstone_ore":10,"minecraft:crimson_nylium":3,"minecraft:polished_blackstone_wall":1,"minecraft:red_bed":9,"minecraft:kelp_plant":20,"minecraft:smoker":2,"minecraft:clay":15,"minecraft:torch":3,"minecraft:blast_furnace":2,"minecraft:melon":14,"minecraft:poppy":2,"minecraft:chest":6,"minecraft:mushroom_stem":87,"minecraft:nether_quartz_ore":12,"minecraft:cobblestone":4,"minecraft:oak_planks":2,"minecraft:sugar_cane":49,"minecraft:wall_torch":7,"minecraft:cauldron":1,"minecraft:deepslate_copper_ore":4,"minecraft:seagrass":1,"minecraft:birch_log":26,"minecraft:wheat":65,"minecraft:grass":226,"minecraft:oak_log":28,"minecraft:beetroots":119,"minecraft:sand":453,"minecraft:dirt":76,"minecraft:crimson_planks":1,"securitycraft:sand_mine":1,"minecraft:red_mushroom_block":1,"minecraft:stonecutter":1,"minecraft:netherrack":121,"minecraft:oak_leaves":74,"minecraft:deepslate":95,"minecraft:nether_gold_ore":11,"minecraft:tuff":2,"minecraft:red_carpet":3,"minecraft:dark_oak_leaves":9,"minecraft:deepslate_diamond_ore":5,"minecraft:dark_oak_log":124,"minecraft:spruce_fence":2,"minecraft:crimson_roots":1,"minecraft:kelp":12,"minecraft:spruce_leaves":39,"minecraft:rooted_dirt":21,"minecraft:red_mushroom":1,"minecraft:moss_block":15,"minecraft:cartography_table":1,"minecraft:sandstone":15,"minecraft:hay_block":28,"minecraft:spruce_sapling":2,"minecraft:furnace":11,"minecraft:carrots":22,"minecraft:snow":72,"minecraft:andesite":12,"minecraft:stripped_spruce_log":1,"minecraft:gold_block":4,"minecraft:bookshelf":4,"minecraft:shroomlight":1,"minecraft:potatoes":35,"minecraft:deepslate_iron_ore":26,"minecraft:vine":8,"minecraft:stone":384,"travelersbackpack:spider":1,"minecraft:smithing_table":3,"minecraft:glass_pane":1,"minecraft:dandelion":1,"minecraft:spruce_door":2,"travelersbackpack:standard":3,"minecraft:crafting_table":12,"minecraft:emerald_ore":1,"minecraft:rose_bush":2,"minecraft:lectern":1,"minecraft:campfire":1,"minecraft:copper_ore":12,"minecraft:tall_grass":9,"minecraft:lapis_ore":8,"minecraft:deepslate_gold_ore":32,"minecraft:diorite":19,"minecraft:blue_bed":4,"minecraft:blue_candle":1,"minecraft:spruce_stairs":2,"minecraft:coarse_dirt":8,"minecraft:stripped_spruce_wood":21,"minecraft:sweet_berry_bush":12,"minecraft:ice":104,"minecraft:birch_leaves":12,"minecraft:spruce_log":55,"minecraft:yellow_bed":1,"minecraft:coal_ore":156,"minecraft:gravel":108,"minecraft:cobweb":6,"minecraft:small_dripleaf":1,"minecraft:fern":9}},"DataVersion":3465}