{"stats":{"minecraft:mined":{"minecraft:tuff":2,"minecraft:dark_oak_leaves":1,"minecraft:deepslate_diamond_ore":5,"minecraft:jungle_leaves":5,"minecraft:granite":30,"minecraft:cave_vines_plant":6,"minecraft:grass_block":4,"minecraft:spruce_fence":1,"minecraft:moss_block":8,"minecraft:rooted_dirt":21,"minecraft:sandstone":11,"minecraft:furnace":2,"minecraft:iron_ore":21,"minecraft:fire":1,"minecraft:andesite":11,"minecraft:deepslate_lapis_ore":8,"minecraft:cave_vines":10,"minecraft:deepslate_iron_ore":26,"minecraft:vine":3,"minecraft:flowering_azalea_leaves":7,"minecraft:azalea_leaves":14,"minecraft:azalea":3,"minecraft:stone":131,"minecraft:player_head":1,"minecraft:deepslate_redstone_ore":10,"minecraft:red_bed":2,"minecraft:crafting_table":3,"minecraft:clay":15,"minecraft:torch":1,"minecraft:mushroom_stem":4,"minecraft:tall_grass":5,"minecraft:copper_ore":12,"minecraft:lapis_ore":8,"minecraft:deepslate_gold_ore":32,"minecraft:sugar_cane":3,"minecraft:diorite":19,"minecraft:wall_torch":3,"minecraft:deepslate_copper_ore":4,"minecraft:coarse_dirt":5,"minecraft:birch_log":26,"minecraft:birch_leaves":6,"minecraft:grass":8,"minecraft:oak_log":11,"minecraft:coal_ore":16,"minecraft:beetroots":115,"minecraft:sand":11,"minecraft:dirt":1,"minecraft:oak_leaves":1,"minecraft:deepslate":95},"minecraft:broken":{"minecraft:iron_pickaxe":2},"minecraft:dropped":{"minecraft:moss_block":61,"minecraft:dark_oak_sapling":2,"minecraft:feather":1,"minecraft:cobblestone":16,"minecraft:leather":1,"minecraft:spruce_stairs":1,"minecraft:stick":1,"minecraft:dirt":6,"minecraft:diorite":19,"alexsmobs:flying_fish":2,"minecraft:jungle_sapling":1,"minecraft:gold_nugget":2,"minecraft:flowering_azalea":2,"minecraft:moss_carpet":19,"minecraft:player_head":1,"minecraft:coarse_dirt":2,"minecraft:cobbled_deepslate":2,"minecraft:tuff":2,"minecraft:birch_sapling":1,"minecraft:beetroot":19,"minecraft:oak_planks":10,"minecraft:beetroot_seeds":1,"minecraft:azalea":8,"minecraft:sandstone":11,"minecraft:arrow":3,"minecraft:raw_gold":26},"minecraft:crafted":{"minecraft:oak_planks":44,"minecraft:furnace":4,"minecraft:iron_boots":1,"minecraft:cooked_beef":3,"minecraft:cooked_porkchop":7,"minecraft:crafting_table":2,"minecraft:iron_helmet":1,"minecraft:copper_ingot":3,"minecraft:bucket":1,"minecraft:birch_planks":52,"minecraft:air":0,"minecraft:iron_chestplate":1,"minecraft:stick":8,"minecraft:iron_ingot":34,"minecraft:iron_pickaxe":2,"minecraft:wooden_axe":2,"minecraft:iron_leggings":1},"minecraft:killed_by":{"minecraft:zombie_villager":1,"minecraft:player":1,"minecraft:piglin_brute":14,"minecraft:creeper":4,"minecraft:piglin":3,"minecraft:skeleton":4,"minecraft:zombie":1},"minecraft:killed":{"alexsmobs:lobster":2,"alexsmobs:seagull":1,"minecraft:skeleton":4,"minecraft:piglin_brute":1,"minecraft:pig":4,"alexsmobs:cockroach":2,"minecraft:zombie":16,"minecraft:glow_squid":2,"minecraft:cow":2},"minecraft:used":{"minecraft:beetroot":31,"minecraft:moss_block":5,"minecraft:iron_sword":105,"minecraft:iron_chestplate":1,"minecraft:torch":6,"minecraft:dirt":8,"minecraft:granite":25,"minecraft:wooden_axe":31,"minecraft:lava_bucket":2,"minecraft:rooted_dirt":20,"minecraft:furnace":5,"minecraft:cooked_beef":1,"minecraft:potato":7,"minecraft:cobbled_deepslate":6,"minecraft:iron_leggings":1,"minecraft:birch_planks":6,"minecraft:glow_berries":6,"minecraft:crafting_table":5,"minecraft:red_bed":3,"minecraft:bread":2,"minecraft:iron_pickaxe":508,"minecraft:cobblestone":6,"minecraft:cooked_porkchop":7,"minecraft:andesite":11,"minecraft:bucket":3,"alexsmobs:animal_dictionary":1},"minecraft:custom":{"minecraft:interact_with_anvil":1,"minecraft:mob_kills":37,"minecraft:interact_with_crafting_table":26,"minecraft:open_barrel":24,"minecraft:leave_game":1,"minecraft:time_since_death":23660,"minecraft:climb_one_cm":10871,"minecraft:sprint_one_cm":363470,"minecraft:walk_one_cm":451214,"minecraft:drop":91,"minecraft:play_time":136450,"minecraft:deaths":30,"minecraft:sneak_time":1408,"minecraft:walk_under_water_one_cm":6215,"minecraft:jump":2371,"minecraft:walk_on_water_one_cm":27611,"minecraft:total_world_time":136450,"minecraft:interact_with_furnace":26,"minecraft:interact_with_loom":1,"minecraft:sleep_in_bed":3,"minecraft:time_since_rest":23738,"minecraft:damage_taken":9904,"minecraft:damage_dealt":6855,"minecraft:swim_one_cm":19681,"minecraft:fly_one_cm":415651,"minecraft:open_chest":3,"minecraft:crouch_one_cm":3136,"minecraft:fall_one_cm":80617},"minecraft:picked_up":{"minecraft:wooden_axe":3,"minecraft:coarse_dirt":13,"minecraft:crafting_table":6,"minecraft:wheat":4,"minecraft:chicken":1,"minecraft:clay_ball":112,"minecraft:suspicious_stew":2,"minecraft:potion":1,"minecraft:nether_brick":6,"minecraft:string":5,"minecraft:red_bed":3,"minecraft:moss_carpet":19,"minecraft:raw_copper":104,"minecraft:iron_axe":1,"minecraft:blackstone":21,"minecraft:beetroot":429,"minecraft:gold_nugget":16,"minecraft:cobbled_deepslate":184,"minecraft:bucket":1,"minecraft:beef":23,"minecraft:jungle_sapling":5,"minecraft:player_head":7,"minecraft:azalea":11,"minecraft:iron_nugget":40,"minecraft:iron_pickaxe":6,"minecraft:sugar_cane":54,"minecraft:birch_sapling":2,"minecraft:egg":1,"minecraft:furnace":3,"minecraft:dark_oak_sapling":1,"minecraft:stick":16,"minecraft:raw_iron":64,"minecraft:sandstone":66,"minecraft:torch":10,"minecraft:spruce_stairs":5,"minecraft:spruce_fence":2,"minecraft:fire_charge":4,"minecraft:porkchop":17,"minecraft:diorite":57,"minecraft:redstone":126,"minecraft:arrow":8,"minecraft:rotten_flesh":88,"minecraft:beetroot_seeds":1669,"minecraft:glow_berries":6,"minecraft:obsidian":2,"alexsmobs:flying_fish":15,"minecraft:cobblestone":301,"minecraft:birch_log":65,"minecraft:feather":10,"minecraft:cooked_beef":2,"minecraft:glow_ink_sac":31,"minecraft:salmon":1,"minecraft:andesite":50,"minecraft:leather":22,"minecraft:potato":16,"minecraft:birch_planks":46,"minecraft:tuff":2,"minecraft:oak_log":11,"minecraft:lapis_lazuli":288,"minecraft:dirt":76,"minecraft:bone":7,"minecraft:wheat_seeds":2,"minecraft:raw_gold":107,"minecraft:iron_ingot":7,"minecraft:soul_sand":7,"minecraft:flowering_azalea":5,"minecraft:moss_block":71,"minecraft:honeycomb":138,"minecraft:iron_sword":12,"minecraft:oak_planks":96,"minecraft:cooked_porkchop":13,"minecraft:quartz":6,"minecraft:gravel":20,"minecraft:sand":72,"minecraft:spectral_arrow":41,"minecraft:dark_oak_log":4,"minecraft:diamond":6,"minecraft:granite":46,"minecraft:bread":26,"minecraft:rooted_dirt":103,"minecraft:coal":40}},"DataVersion":3465}