{"stats":{"minecraft:picked_up":{"patchouli:guide_book":1,"minecraft:wheat_seeds":5},"minecraft:mined":{"minecraft:grass":17,"minecraft:tall_grass":13},"minecraft:dropped":{"patchouli:guide_book":1,"minecraft:wheat_seeds":1},"minecraft:custom":{"minecraft:jump":73,"minecraft:open_chest":1,"minecraft:time_since_rest":1481,"minecraft:deaths":1,"minecraft:interact_with_furnace":1,"minecraft:sprint_one_cm":16802,"minecraft:play_time":5485,"minecraft:damage_taken":310,"minecraft:time_since_death":1425,"minecraft:walk_one_cm":19568,"minecraft:climb_one_cm":9728,"minecraft:total_world_time":5485,"minecraft:drop":2,"minecraft:fall_one_cm":4798,"minecraft:fly_one_cm":12917}},"DataVersion":3465}