{"stats":{"minecraft:mined":{"minecraft:dark_oak_leaves":1,"minecraft:jungle_leaves":5,"minecraft:granite":30,"minecraft:cave_vines_plant":2,"minecraft:grass_block":4,"minecraft:spruce_fence":1,"minecraft:moss_block":6,"minecraft:rooted_dirt":20,"minecraft:sandstone":11,"minecraft:furnace":1,"minecraft:iron_ore":13,"minecraft:fire":1,"minecraft:andesite":11,"minecraft:deepslate_lapis_ore":8,"minecraft:deepslate_iron_ore":13,"minecraft:vine":2,"minecraft:flowering_azalea_leaves":7,"minecraft:azalea_leaves":14,"minecraft:azalea":1,"minecraft:stone":117,"minecraft:player_head":1,"minecraft:deepslate_redstone_ore":10,"minecraft:red_bed":2,"minecraft:crafting_table":2,"minecraft:clay":8,"minecraft:torch":1,"minecraft:mushroom_stem":4,"minecraft:copper_ore":9,"minecraft:lapis_ore":8,"minecraft:deepslate_gold_ore":26,"minecraft:sugar_cane":3,"minecraft:diorite":19,"minecraft:wall_torch":1,"minecraft:coarse_dirt":5,"minecraft:birch_log":26,"minecraft:birch_leaves":6,"minecraft:grass":3,"minecraft:oak_log":11,"minecraft:coal_ore":16,"minecraft:beetroots":115,"minecraft:sand":11,"minecraft:dirt":1,"minecraft:oak_leaves":1,"minecraft:deepslate":44},"minecraft:broken":{"minecraft:iron_pickaxe":1},"minecraft:dropped":{"minecraft:dark_oak_sapling":2,"minecraft:leather":1,"minecraft:spruce_stairs":1,"minecraft:stick":1,"minecraft:dirt":6,"minecraft:jungle_sapling":1,"minecraft:flowering_azalea":1,"minecraft:moss_carpet":1,"minecraft:coarse_dirt":2,"minecraft:cobbled_deepslate":1,"minecraft:birch_sapling":1,"minecraft:beetroot":19,"minecraft:azalea":1,"minecraft:sandstone":11,"minecraft:arrow":1},"minecraft:crafted":{"minecraft:oak_planks":44,"minecraft:furnace":4,"minecraft:cooked_beef":3,"minecraft:cooked_porkchop":7,"minecraft:crafting_table":2,"minecraft:birch_planks":52,"minecraft:air":0,"minecraft:stick":8,"minecraft:iron_pickaxe":2,"minecraft:wooden_axe":2},"minecraft:killed_by":{"minecraft:zombie_villager":1,"minecraft:player":1,"minecraft:piglin_brute":14,"minecraft:creeper":3,"minecraft:piglin":3,"minecraft:skeleton":3,"minecraft:zombie":1},"minecraft:killed":{"alexsmobs:lobster":2,"alexsmobs:seagull":1,"minecraft:skeleton":1,"minecraft:piglin_brute":1,"minecraft:pig":4,"minecraft:zombie":7,"minecraft:glow_squid":2,"minecraft:cow":2},"minecraft:used":{"minecraft:beetroot":18,"minecraft:iron_sword":44,"minecraft:torch":2,"minecraft:dirt":8,"minecraft:granite":9,"minecraft:wooden_axe":30,"minecraft:lava_bucket":2,"minecraft:furnace":5,"minecraft:cooked_beef":1,"minecraft:potato":7,"minecraft:birch_planks":6,"minecraft:crafting_table":5,"minecraft:red_bed":3,"minecraft:bread":2,"minecraft:iron_pickaxe":381,"minecraft:cobblestone":6,"minecraft:cooked_porkchop":2,"minecraft:andesite":5,"minecraft:bucket":3,"alexsmobs:animal_dictionary":1},"minecraft:custom":{"minecraft:interact_with_anvil":1,"minecraft:mob_kills":23,"minecraft:interact_with_crafting_table":13,"minecraft:open_barrel":23,"minecraft:leave_game":1,"minecraft:time_since_death":24617,"minecraft:climb_one_cm":10479,"minecraft:sprint_one_cm":293842,"minecraft:walk_one_cm":327436,"minecraft:drop":40,"minecraft:play_time":100450,"minecraft:deaths":28,"minecraft:sneak_time":1010,"minecraft:walk_under_water_one_cm":4967,"minecraft:jump":1661,"minecraft:walk_on_water_one_cm":14682,"minecraft:total_world_time":100450,"minecraft:interact_with_furnace":16,"minecraft:interact_with_loom":1,"minecraft:sleep_in_bed":2,"minecraft:time_since_rest":24652,"minecraft:damage_taken":8684,"minecraft:damage_dealt":4294,"minecraft:swim_one_cm":17345,"minecraft:fly_one_cm":320207,"minecraft:crouch_one_cm":1313,"minecraft:fall_one_cm":57164},"minecraft:picked_up":{"minecraft:wooden_axe":1,"minecraft:coarse_dirt":13,"minecraft:crafting_table":5,"minecraft:wheat":4,"minecraft:chicken":1,"minecraft:clay_ball":28,"minecraft:suspicious_stew":2,"minecraft:potion":1,"minecraft:nether_brick":6,"minecraft:string":5,"minecraft:red_bed":3,"minecraft:moss_carpet":1,"minecraft:raw_copper":73,"minecraft:iron_axe":1,"minecraft:blackstone":21,"minecraft:beetroot":429,"minecraft:gold_nugget":10,"minecraft:cobbled_deepslate":40,"minecraft:bucket":1,"minecraft:beef":23,"minecraft:jungle_sapling":5,"minecraft:player_head":4,"minecraft:azalea":4,"minecraft:iron_nugget":40,"minecraft:iron_pickaxe":4,"minecraft:sugar_cane":36,"minecraft:birch_sapling":2,"minecraft:egg":1,"minecraft:furnace":2,"minecraft:dark_oak_sapling":1,"minecraft:stick":16,"minecraft:raw_iron":26,"minecraft:sandstone":55,"minecraft:torch":6,"minecraft:spruce_stairs":5,"minecraft:spruce_fence":2,"minecraft:fire_charge":4,"minecraft:porkchop":17,"minecraft:diorite":19,"minecraft:redstone":42,"minecraft:arrow":4,"minecraft:rotten_flesh":47,"minecraft:beetroot_seeds":1460,"minecraft:obsidian":2,"alexsmobs:flying_fish":9,"minecraft:cobblestone":177,"minecraft:birch_log":39,"minecraft:feather":8,"minecraft:glow_ink_sac":8,"minecraft:salmon":1,"minecraft:andesite":44,"minecraft:leather":22,"minecraft:potato":16,"minecraft:birch_planks":46,"minecraft:oak_log":11,"minecraft:lapis_lazuli":96,"minecraft:dirt":76,"minecraft:wheat_seeds":2,"minecraft:raw_gold":25,"minecraft:iron_ingot":7,"minecraft:soul_sand":7,"minecraft:flowering_azalea":4,"minecraft:moss_block":5,"minecraft:honeycomb":92,"minecraft:iron_sword":8,"minecraft:oak_planks":56,"minecraft:cooked_porkchop":5,"minecraft:quartz":6,"minecraft:gravel":20,"minecraft:sand":48,"minecraft:spectral_arrow":41,"minecraft:dark_oak_log":4,"minecraft:granite":46,"minecraft:bread":26,"minecraft:rooted_dirt":76,"minecraft:coal":30}},"DataVersion":3465}