{"stats":{"minecraft:mined":{"minecraft:tuff":2,"minecraft:dark_oak_leaves":1,"minecraft:deepslate_diamond_ore":5,"minecraft:jungle_leaves":5,"minecraft:dark_oak_log":8,"minecraft:granite":30,"minecraft:cave_vines_plant":6,"minecraft:grass_block":4,"minecraft:spruce_fence":1,"minecraft:moss_block":13,"minecraft:rooted_dirt":21,"minecraft:sandstone":15,"minecraft:furnace":5,"minecraft:iron_ore":52,"minecraft:fire":1,"minecraft:andesite":11,"minecraft:moss_carpet":1,"minecraft:deepslate_lapis_ore":8,"minecraft:cave_vines":10,"minecraft:deepslate_iron_ore":26,"minecraft:vine":3,"minecraft:flowering_azalea_leaves":7,"minecraft:azalea_leaves":14,"minecraft:azalea":3,"minecraft:stone":242,"minecraft:player_head":1,"minecraft:deepslate_redstone_ore":10,"minecraft:red_bed":2,"minecraft:crafting_table":5,"minecraft:clay":15,"minecraft:torch":1,"minecraft:blast_furnace":1,"minecraft:mushroom_stem":4,"minecraft:tall_grass":7,"minecraft:copper_ore":12,"minecraft:lapis_ore":8,"minecraft:deepslate_gold_ore":32,"minecraft:sugar_cane":3,"minecraft:diorite":19,"minecraft:wall_torch":3,"minecraft:deepslate_copper_ore":4,"minecraft:coarse_dirt":5,"minecraft:birch_log":26,"minecraft:birch_leaves":6,"minecraft:grass":8,"minecraft:oak_log":11,"minecraft:coal_ore":61,"minecraft:beetroots":115,"minecraft:sand":17,"minecraft:dirt":3,"minecraft:oak_leaves":1,"minecraft:deepslate":95},"minecraft:broken":{"minecraft:iron_pickaxe":2},"minecraft:dropped":{"minecraft:iron_ingot":2,"minecraft:moss_block":61,"minecraft:dark_oak_sapling":2,"minecraft:feather":1,"minecraft:cobblestone":16,"minecraft:leather":1,"minecraft:spruce_stairs":1,"minecraft:stick":1,"minecraft:dirt":6,"minecraft:diorite":19,"alexsmobs:flying_fish":2,"minecraft:jungle_sapling":1,"minecraft:gold_nugget":2,"minecraft:flowering_azalea":3,"minecraft:sand":15,"minecraft:string":1,"minecraft:bucket":5,"minecraft:moss_carpet":20,"minecraft:player_head":1,"minecraft:coarse_dirt":2,"minecraft:cobbled_deepslate":2,"minecraft:tuff":2,"minecraft:birch_sapling":1,"minecraft:beetroot":19,"minecraft:oak_planks":14,"minecraft:beetroot_seeds":1,"minecraft:azalea":8,"minecraft:sandstone":15,"minecraft:arrow":3,"minecraft:raw_gold":26},"minecraft:crafted":{"minecraft:smooth_stone":3,"minecraft:oak_planks":44,"minecraft:furnace":4,"minecraft:blast_furnace":1,"minecraft:bow":1,"minecraft:iron_boots":2,"minecraft:dark_oak_planks":16,"minecraft:smoker":1,"minecraft:cooked_beef":3,"minecraft:cooked_porkchop":7,"minecraft:crafting_table":2,"travelersbackpack:backpack_tank":2,"minecraft:iron_helmet":1,"minecraft:copper_ingot":3,"minecraft:bucket":2,"minecraft:birch_planks":52,"minecraft:air":0,"minecraft:iron_chestplate":1,"minecraft:shield":1,"minecraft:stick":16,"minecraft:iron_ingot":68,"minecraft:iron_pickaxe":3,"minecraft:wooden_axe":2,"minecraft:gold_ingot":19,"minecraft:iron_leggings":1},"minecraft:killed_by":{"minecraft:zombie_villager":1,"minecraft:player":1,"minecraft:piglin_brute":14,"minecraft:creeper":4,"minecraft:spider":1,"minecraft:piglin":3,"minecraft:skeleton":4,"minecraft:zombie":2},"minecraft:killed":{"alexsmobs:lobster":2,"minecraft:spider":3,"alexsmobs:seagull":1,"minecraft:skeleton":4,"minecraft:piglin_brute":1,"minecraft:pig":8,"alexsmobs:cockroach":2,"minecraft:zombie":38,"alexsmobs:fly":2,"minecraft:glow_squid":2,"minecraft:cow":2},"minecraft:used":{"minecraft:beetroot":31,"minecraft:moss_block":5,"minecraft:iron_sword":183,"minecraft:iron_chestplate":2,"minecraft:torch":6,"minecraft:dirt":8,"minecraft:granite":25,"minecraft:wooden_axe":40,"minecraft:lava_bucket":2,"minecraft:rooted_dirt":20,"minecraft:iron_helmet":2,"minecraft:bow":1,"minecraft:furnace":7,"minecraft:cooked_beef":1,"minecraft:potato":7,"minecraft:cobbled_deepslate":6,"minecraft:iron_leggings":2,"minecraft:birch_planks":6,"minecraft:sandstone":4,"minecraft:glow_berries":6,"minecraft:sand":5,"minecraft:crafting_table":8,"minecraft:red_bed":3,"minecraft:blast_furnace":2,"minecraft:smoker":1,"alexsmobs:flying_fish":2,"minecraft:bread":2,"minecraft:iron_pickaxe":713,"minecraft:cobblestone":54,"minecraft:cooked_porkchop":7,"minecraft:andesite":11,"minecraft:bucket":3,"alexsmobs:animal_dictionary":1},"minecraft:custom":{"minecraft:interact_with_anvil":1,"minecraft:mob_kills":68,"minecraft:interact_with_crafting_table":60,"minecraft:open_barrel":62,"minecraft:leave_game":1,"minecraft:time_since_death":18024,"minecraft:climb_one_cm":11106,"minecraft:sprint_one_cm":431395,"minecraft:walk_one_cm":611018,"minecraft:drop":121,"minecraft:play_time":184450,"minecraft:deaths":33,"minecraft:sneak_time":4599,"minecraft:walk_under_water_one_cm":6215,"minecraft:jump":2890,"minecraft:interact_with_blast_furnace":7,"minecraft:walk_on_water_one_cm":27611,"minecraft:total_world_time":184450,"minecraft:interact_with_furnace":54,"minecraft:interact_with_loom":1,"minecraft:sleep_in_bed":3,"minecraft:time_since_rest":18054,"minecraft:damage_taken":10635,"minecraft:damage_dealt":12258,"minecraft:swim_one_cm":19681,"minecraft:fly_one_cm":472117,"minecraft:open_chest":31,"minecraft:crouch_one_cm":3979,"minecraft:interact_with_smoker":6,"minecraft:fall_one_cm":93236},"minecraft:picked_up":{"minecraft:wooden_axe":6,"minecraft:iron_chestplate":3,"minecraft:coarse_dirt":13,"minecraft:crafting_table":10,"minecraft:wheat":4,"minecraft:chicken":1,"minecraft:clay_ball":224,"minecraft:suspicious_stew":2,"minecraft:potion":1,"minecraft:nether_brick":6,"minecraft:string":12,"minecraft:red_bed":3,"minecraft:moss_carpet":21,"minecraft:raw_copper":177,"minecraft:iron_axe":1,"minecraft:iron_leggings":3,"minecraft:iron_shovel":1,"minecraft:blackstone":21,"minecraft:beetroot":429,"minecraft:gold_nugget":22,"minecraft:cobbled_deepslate":376,"minecraft:bucket":8,"minecraft:beef":23,"minecraft:jungle_sapling":5,"minecraft:player_head":10,"minecraft:azalea":11,"minecraft:iron_nugget":40,"minecraft:iron_pickaxe":8,"minecraft:sugar_cane":81,"minecraft:birch_sapling":2,"minecraft:egg":1,"minecraft:furnace":8,"minecraft:dark_oak_sapling":1,"minecraft:stick":20,"minecraft:raw_iron":136,"minecraft:sandstone":74,"minecraft:copper_ingot":12,"minecraft:torch":11,"minecraft:spruce_stairs":5,"minecraft:spruce_fence":2,"minecraft:fire_charge":4,"minecraft:porkchop":23,"minecraft:diorite":57,"minecraft:redstone":252,"minecraft:arrow":8,"minecraft:rotten_flesh":227,"minecraft:beetroot_seeds":1957,"minecraft:gold_ingot":12,"minecraft:glow_berries":6,"minecraft:obsidian":2,"alexsmobs:flying_fish":17,"minecraft:cobblestone":660,"minecraft:birch_log":65,"minecraft:feather":10,"minecraft:cooked_beef":2,"minecraft:glow_ink_sac":76,"minecraft:salmon":1,"minecraft:andesite":50,"minecraft:leather":22,"minecraft:potato":19,"minecraft:birch_planks":46,"minecraft:tuff":2,"minecraft:oak_log":11,"minecraft:lapis_lazuli":576,"minecraft:dirt":76,"minecraft:bone":19,"minecraft:wheat_seeds":2,"minecraft:raw_gold":219,"minecraft:iron_ingot":21,"minecraft:soul_sand":7,"minecraft:flowering_azalea":6,"minecraft:moss_block":86,"minecraft:honeycomb":207,"minecraft:iron_sword":18,"minecraft:oak_planks":126,"minecraft:cooked_porkchop":13,"minecraft:quartz":6,"minecraft:gravel":20,"minecraft:sand":104,"minecraft:blast_furnace":1,"minecraft:spectral_arrow":41,"minecraft:dark_oak_log":20,"minecraft:spider_eye":1,"minecraft:diamond":21,"minecraft:iron_helmet":3,"minecraft:granite":55,"minecraft:bread":26,"alexsmobs:maggot":1,"minecraft:rooted_dirt":103,"minecraft:coal":173}},"DataVersion":3465}