{"stats":{"minecraft:killed":{"minecraft:sheep":1,"alexsmobs:seal":1,"minecraft:pig":1,"minecraft:cow":1},"minecraft:picked_up":{"minecraft:wheat_seeds":3,"minecraft:beef":2,"minecraft:porkchop":2,"minecraft:light_gray_wool":2,"minecraft:gunpowder":2,"minecraft:bamboo":31,"minecraft:mutton":2,"minecraft:dirt":26},"minecraft:custom":{"minecraft:time_since_rest":10136,"minecraft:deaths":1,"minecraft:play_time":16849,"minecraft:sprint_one_cm":46934,"minecraft:damage_taken":430,"minecraft:walk_one_cm":57636,"minecraft:walk_under_water_one_cm":1356,"minecraft:mob_kills":4,"minecraft:drop":3,"minecraft:jump":502,"minecraft:damage_dealt":527,"minecraft:leave_game":1,"minecraft:walk_on_water_one_cm":456,"minecraft:time_since_death":10036,"minecraft:total_world_time":16849,"minecraft:climb_one_cm":937,"minecraft:swim_one_cm":5957,"minecraft:fall_one_cm":23520,"minecraft:fly_one_cm":97883},"minecraft:dropped":{"minecraft:dirt":3},"minecraft:killed_by":{"minecraft:husk":1},"minecraft:used":{"minecraft:light_gray_wool":1,"minecraft:bamboo":3,"minecraft:dirt":18,"alexsmobs:animal_dictionary":1},"minecraft:mined":{"minecraft:grass":9,"minecraft:grass_block":7,"minecraft:tall_grass":2,"minecraft:light_gray_wool":1,"minecraft:bamboo":5,"minecraft:birch_leaves":4,"minecraft:dandelion":1,"minecraft:oak_leaves":7}},"DataVersion":3465}