{"stats":{"minecraft:mined":{"minecraft:dark_oak_leaves":1,"minecraft:jungle_leaves":5,"minecraft:crafting_table":2,"minecraft:cave_vines_plant":1,"minecraft:granite":11,"minecraft:grass_block":4,"minecraft:spruce_fence":1,"minecraft:mushroom_stem":4,"minecraft:copper_ore":8,"minecraft:sugar_cane":3,"minecraft:moss_block":1,"minecraft:sandstone":11,"minecraft:rooted_dirt":20,"minecraft:coarse_dirt":5,"minecraft:furnace":1,"minecraft:birch_log":26,"minecraft:fire":1,"minecraft:birch_leaves":6,"minecraft:andesite":11,"minecraft:grass":3,"minecraft:flowering_azalea_leaves":7,"minecraft:oak_log":11,"minecraft:beetroots":115,"minecraft:vine":2,"minecraft:sand":11,"minecraft:dirt":1,"minecraft:azalea_leaves":14,"minecraft:stone":32,"minecraft:player_head":1,"minecraft:oak_leaves":1},"minecraft:dropped":{"minecraft:coarse_dirt":2,"minecraft:beetroot":19},"minecraft:crafted":{"minecraft:oak_planks":44,"minecraft:cooked_porkchop":7,"minecraft:crafting_table":2,"minecraft:furnace":1,"minecraft:birch_planks":52,"minecraft:air":0,"minecraft:stick":8,"minecraft:iron_pickaxe":1,"minecraft:wooden_axe":2},"minecraft:killed_by":{"minecraft:zombie_villager":1,"minecraft:piglin":3,"minecraft:player":1,"minecraft:piglin_brute":14,"minecraft:skeleton":3,"minecraft:creeper":3,"minecraft:zombie":1},"minecraft:killed":{"alexsmobs:lobster":2,"minecraft:pig":4,"alexsmobs:seagull":1,"minecraft:skeleton":1,"minecraft:zombie":1,"minecraft:piglin_brute":1,"minecraft:cow":2},"minecraft:used":{"minecraft:beetroot":11,"minecraft:birch_planks":6,"minecraft:iron_sword":19,"minecraft:dirt":2,"minecraft:crafting_table":4,"minecraft:red_bed":1,"minecraft:granite":9,"minecraft:wooden_axe":28,"minecraft:lava_bucket":2,"minecraft:bread":2,"minecraft:iron_pickaxe":106,"minecraft:furnace":1,"minecraft:cooked_porkchop":2,"minecraft:bucket":3,"alexsmobs:animal_dictionary":1,"minecraft:potato":7},"minecraft:custom":{"minecraft:interact_with_furnace":7,"minecraft:mob_kills":14,"minecraft:interact_with_anvil":1,"minecraft:interact_with_crafting_table":7,"minecraft:open_barrel":19,"minecraft:interact_with_loom":1,"minecraft:leave_game":1,"minecraft:time_since_death":617,"minecraft:sleep_in_bed":2,"minecraft:climb_one_cm":10479,"minecraft:time_since_rest":652,"minecraft:sprint_one_cm":266352,"minecraft:damage_taken":8401,"minecraft:walk_one_cm":250549,"minecraft:drop":21,"minecraft:damage_dealt":2799,"minecraft:swim_one_cm":14984,"minecraft:fly_one_cm":282580,"minecraft:crouch_one_cm":335,"minecraft:play_time":76450,"minecraft:deaths":28,"minecraft:sneak_time":297,"minecraft:walk_under_water_one_cm":4027,"minecraft:jump":1393,"minecraft:walk_on_water_one_cm":5310,"minecraft:total_world_time":76450,"minecraft:fall_one_cm":47834},"minecraft:picked_up":{"minecraft:wooden_axe":1,"minecraft:birch_log":39,"minecraft:crafting_table":5,"minecraft:coarse_dirt":13,"minecraft:wheat":4,"minecraft:feather":8,"minecraft:chicken":1,"minecraft:andesite":44,"minecraft:suspicious_stew":2,"minecraft:salmon":1,"minecraft:leather":22,"minecraft:potato":16,"minecraft:birch_planks":46,"minecraft:potion":1,"minecraft:nether_brick":6,"minecraft:oak_log":11,"minecraft:raw_copper":70,"minecraft:red_bed":1,"minecraft:dirt":76,"minecraft:string":5,"minecraft:iron_axe":1,"minecraft:blackstone":21,"minecraft:beetroot":429,"minecraft:wheat_seeds":2,"minecraft:gold_nugget":10,"minecraft:bucket":1,"minecraft:iron_ingot":7,"minecraft:beef":20,"minecraft:player_head":4,"minecraft:azalea":4,"minecraft:jungle_sapling":5,"minecraft:iron_nugget":40,"minecraft:iron_pickaxe":4,"minecraft:birch_sapling":2,"minecraft:oak_planks":56,"minecraft:iron_sword":8,"minecraft:sugar_cane":36,"minecraft:honeycomb":92,"minecraft:flowering_azalea":4,"minecraft:soul_sand":7,"minecraft:furnace":2,"minecraft:egg":1,"minecraft:stick":16,"minecraft:sandstone":44,"minecraft:cooked_porkchop":5,"minecraft:torch":4,"minecraft:quartz":6,"minecraft:spruce_stairs":5,"minecraft:sand":48,"minecraft:spruce_fence":2,"minecraft:gravel":20,"minecraft:fire_charge":4,"minecraft:porkchop":17,"minecraft:dark_oak_log":4,"minecraft:spectral_arrow":41,"minecraft:rotten_flesh":41,"minecraft:arrow":4,"minecraft:beetroot_seeds":1460,"minecraft:granite":27,"minecraft:bread":26,"minecraft:rooted_dirt":76,"minecraft:obsidian":2,"minecraft:coal":14,"alexsmobs:flying_fish":9,"minecraft:cobblestone":92}},"DataVersion":3465}