{"stats":{"minecraft:mined":{"minecraft:grass_block":1,"minecraft:beetroots":66,"minecraft:dark_oak_leaves":1,"minecraft:jungle_leaves":3,"minecraft:cave_vines_plant":1},"minecraft:killed_by":{"minecraft:piglin":1,"minecraft:piglin_brute":10},"minecraft:used":{"alexsmobs:animal_dictionary":1},"minecraft:custom":{"minecraft:open_barrel":1,"minecraft:time_since_rest":5956,"minecraft:interact_with_loom":1,"minecraft:sprint_one_cm":26267,"minecraft:interact_with_furnace":1,"minecraft:play_time":16450,"minecraft:deaths":11,"minecraft:damage_taken":3580,"minecraft:walk_one_cm":36195,"minecraft:jump":197,"minecraft:damage_dealt":243,"minecraft:leave_game":1,"minecraft:time_since_death":5932,"minecraft:climb_one_cm":3296,"minecraft:total_world_time":16450,"minecraft:fall_one_cm":8287,"minecraft:fly_one_cm":37778},"minecraft:picked_up":{"minecraft:beetroot":268,"minecraft:beetroot_seeds":804,"minecraft:dirt":1}},"DataVersion":3465}