{"stats":{"minecraft:killed":{"alexsmobs:lobster":3,"minecraft:witch":1,"minecraft:spider":18,"minecraft:skeleton":22,"minecraft:chicken":2,"minecraft:piglin_brute":10,"minecraft:piglin":15,"minecraft:pig":26,"minecraft:zombie_villager":1,"minecraft:iron_golem":4,"alexsmobs:seal":1,"minecraft:creeper":10,"alexsmobs:crimson_mosquito":3,"minecraft:sheep":28,"minecraft:trader_llama":2,"minecraft:pillager":2,"minecraft:zombie":88,"alexsmobs:fly":2,"minecraft:glow_squid":2,"minecraft:cow":13,"alexsmobs:raccoon":1,"minecraft:vindicator":1,"alexsmobs:tasmanian_devil":1,"alexsmobs:seagull":3,"minecraft:horse":1,"alexsmobs:bison":3,"minecraft:drowned":2,"alexsmobs:flying_fish":1,"minecraft:hoglin":1,"alexsmobs:cockroach":2,"alexsmobs:moose":3},"minecraft:mined":{"minecraft:blue_carpet":3,"minecraft:white_bed":1,"minecraft:spruce_planks":5,"minecraft:farmland":5,"minecraft:jungle_leaves":11,"minecraft:spruce_trapdoor":1,"minecraft:obsidian":7,"minecraft:cave_vines_plant":10,"minecraft:granite":30,"minecraft:grass_block":222,"minecraft:spawner":2,"minecraft:potted_fern":1,"minecraft:potted_warped_fungus":1,"minecraft:tall_seagrass":1,"minecraft:magma_block":1,"minecraft:iron_ore":151,"minecraft:fire":263,"minecraft:pumpkin":2,"minecraft:moss_carpet":1,"minecraft:fletching_table":5,"minecraft:deepslate_lapis_ore":8,"minecraft:cave_vines":14,"minecraft:flowering_azalea_leaves":7,"minecraft:dirt_path":19,"minecraft:iron_bars":1,"minecraft:azalea_leaves":14,"minecraft:azalea":3,"minecraft:player_head":1,"minecraft:deepslate_redstone_ore":10,"minecraft:polished_blackstone_wall":1,"minecraft:red_bed":9,"minecraft:kelp_plant":11,"minecraft:smoker":2,"minecraft:crimson_nylium":3,"minecraft:clay":15,"minecraft:torch":1,"minecraft:poppy":2,"minecraft:blast_furnace":2,"minecraft:melon":14,"minecraft:chest":6,"minecraft:mushroom_stem":87,"minecraft:nether_quartz_ore":12,"minecraft:cobblestone":3,"minecraft:sugar_cane":47,"minecraft:oak_planks":2,"minecraft:wall_torch":3,"minecraft:deepslate_copper_ore":4,"minecraft:birch_log":26,"minecraft:wheat":37,"minecraft:grass":220,"minecraft:oak_log":24,"minecraft:beetroots":118,"minecraft:sand":170,"minecraft:dirt":66,"minecraft:crimson_planks":1,"minecraft:stonecutter":1,"minecraft:red_mushroom_block":1,"minecraft:netherrack":121,"minecraft:oak_leaves":69,"minecraft:deepslate":95,"minecraft:nether_gold_ore":11,"minecraft:red_carpet":3,"minecraft:tuff":2,"minecraft:dark_oak_leaves":6,"minecraft:deepslate_diamond_ore":5,"minecraft:dark_oak_log":79,"minecraft:spruce_fence":2,"minecraft:crimson_roots":1,"minecraft:spruce_leaves":37,"minecraft:cartography_table":1,"minecraft:moss_block":15,"minecraft:red_mushroom":1,"minecraft:kelp":3,"minecraft:sandstone":15,"minecraft:rooted_dirt":21,"minecraft:hay_block":2,"minecraft:spruce_sapling":2,"minecraft:furnace":7,"minecraft:snow":72,"minecraft:andesite":12,"minecraft:stripped_spruce_log":1,"minecraft:gold_block":4,"minecraft:potatoes":10,"minecraft:deepslate_iron_ore":26,"minecraft:shroomlight":1,"minecraft:vine":7,"minecraft:stone":360,"travelersbackpack:spider":1,"minecraft:smithing_table":3,"minecraft:spruce_door":2,"travelersbackpack:standard":3,"minecraft:crafting_table":9,"minecraft:rose_bush":2,"minecraft:campfire":1,"minecraft:tall_grass":9,"minecraft:copper_ore":12,"minecraft:lapis_ore":8,"minecraft:deepslate_gold_ore":32,"minecraft:blue_bed":3,"minecraft:diorite":19,"minecraft:blue_candle":1,"minecraft:spruce_stairs":2,"minecraft:coarse_dirt":8,"minecraft:stripped_spruce_wood":1,"minecraft:sweet_berry_bush":12,"minecraft:ice":99,"minecraft:spruce_log":55,"minecraft:birch_leaves":12,"minecraft:coal_ore":115,"minecraft:gravel":38,"minecraft:small_dripleaf":1,"minecraft:fern":9},"minecraft:killed_by":{"minecraft:zombie_villager":1,"minecraft:piglin_brute":47,"minecraft:creeper":6,"alexsmobs:tusklin":5,"minecraft:piglin":41,"minecraft:zombie":3,"alexsmobs:grizzly_bear":1,"minecraft:player":1,"minecraft:stray":1,"minecraft:spider":4,"minecraft:iron_golem":1,"alexsmobs:bison":2,"minecraft:hoglin":1,"minecraft:skeleton":16,"alexsmobs:crimson_mosquito":1},"minecraft:used":{"minecraft:beetroot":34,"minecraft:moss_block":5,"minecraft:iron_shovel":469,"minecraft:chest":6,"minecraft:shield":70,"minecraft:iron_sword":683,"minecraft:rotten_flesh":14,"minecraft:iron_chestplate":3,"minecraft:obsidian":9,"minecraft:lava_bucket":24,"minecraft:lantern":1,"minecraft:iron_helmet":3,"minecraft:bow":14,"minecraft:sweet_berries":19,"minecraft:furnace":11,"minecraft:beetroot_seeds":3,"minecraft:potato":30,"minecraft:leather_leggings":1,"minecraft:spruce_door":2,"minecraft:oak_planks":9,"minecraft:sandstone":4,"minecraft:blue_bed":2,"minecraft:sugar_cane":53,"minecraft:golden_apple":1,"minecraft:glow_berries":6,"minecraft:sand":111,"minecraft:blast_furnace":3,"minecraft:chiseled_quartz_block":5,"minecraft:light_gray_concrete":10,"minecraft:melon_slice":57,"minecraft:bread":26,"minecraft:gravel":34,"alexsmobs:cooked_moose_ribs":1,"minecraft:andesite":11,"minecraft:bone_meal":48,"minecraft:flint_and_steel":1,"minecraft:armor_stand":2,"morebows:diamond_bow":112,"minecraft:spruce_planks":1,"minecraft:stone_hoe":121,"minecraft:netherrack":88,"minecraft:torch":6,"minecraft:dirt":249,"minecraft:chainmail_chestplate":4,"minecraft:diamond_helmet":1,"minecraft:granite":25,"minecraft:iron_hoe":270,"minecraft:dark_oak_planks":12,"minecraft:wooden_axe":69,"alexsmobs:maggot":5,"minecraft:iron_axe":476,"minecraft:rooted_dirt":20,"minecraft:smooth_quartz":1,"minecraft:iron_boots":4,"alexsmobs:lobster_bucket":1,"minecraft:cooked_beef":11,"minecraft:cobbled_deepslate":21,"minecraft:pumpkin":1,"minecraft:beetroot_soup":1,"minecraft:iron_leggings":5,"minecraft:wheat_seeds":96,"minecraft:cooked_mutton":8,"minecraft:water_bucket":36,"minecraft:birch_planks":6,"minecraft:baked_potato":6,"minecraft:fletching_table":7,"minecraft:crafting_table":17,"minecraft:red_bed":10,"minecraft:white_bed":2,"minecraft:smoker":3,"alexsmobs:flying_fish":2,"minecraft:diamond_pickaxe":587,"minecraft:apple":5,"minecraft:iron_pickaxe":750,"minecraft:map":3,"minecraft:leather_helmet":2,"minecraft:spruce_trapdoor":1,"minecraft:spruce_sapling":24,"minecraft:stone_axe":16,"minecraft:fishing_rod":1,"minecraft:cobblestone":117,"minecraft:porkchop":1,"minecraft:cooked_porkchop":36,"minecraft:bucket":64,"alexsmobs:animal_dictionary":1},"minecraft:crafted":{"minecraft:smooth_stone":3,"minecraft:oak_planks":84,"minecraft:cooked_chicken":2,"minecraft:cooked_mutton":43,"minecraft:glass":5,"minecraft:bow":1,"minecraft:iron_boots":3,"minecraft:chest":2,"minecraft:smoker":1,"minecraft:emerald":11,"minecraft:arrow":256,"minecraft:cooked_porkchop":46,"minecraft:crafting_table":9,"minecraft:spruce_planks":228,"travelersbackpack:standard":1,"minecraft:iron_helmet":2,"minecraft:copper_ingot":3,"minecraft:fletching_table":2,"minecraft:birch_planks":56,"minecraft:iron_chestplate":2,"minecraft:diamond_pickaxe":1,"minecraft:shield":4,"minecraft:stick":440,"minecraft:iron_ingot":167,"minecraft:iron_pickaxe":4,"minecraft:gold_ingot":47,"morebows:diamond_bow":1,"immersive_aircraft:sail":1,"minecraft:furnace":8,"minecraft:blast_furnace":1,"minecraft:bone_meal":48,"minecraft:white_carpet":6,"minecraft:flint_and_steel":1,"travelersbackpack:white_sleeping_bag":2,"minecraft:iron_axe":5,"minecraft:iron_hoe":1,"minecraft:dark_oak_planks":128,"minecraft:wheat":18,"minecraft:cooked_beef":29,"travelersbackpack:backpack_tank":4,"minecraft:iron_sword":3,"alexsmobs:cooked_moose_ribs":1,"minecraft:bucket":4,"minecraft:bread":18,"minecraft:air":0,"minecraft:wooden_axe":3,"minecraft:iron_shovel":2,"minecraft:iron_leggings":2,"minecraft:white_bed":1},"minecraft:picked_up":{"minecraft:wooden_axe":8,"minecraft:blue_candle":3,"minecraft:iron_chestplate":7,"minecraft:wheat":76,"minecraft:flower_pot":2,"minecraft:suspicious_stew":2,"minecraft:smithing_table":3,"minecraft:lead":2,"minecraft:potion":1,"minecraft:nether_brick":6,"travelersbackpack:spider":1,"minecraft:crimson_planks":2,"minecraft:string":183,"minecraft:raw_copper":177,"minecraft:iron_leggings":13,"minecraft:beetroot_soup":2,"minecraft:armor_stand":15,"minecraft:shroomlight":5,"minecraft:beetroot":432,"alexsmobs:blood_sac":3,"minecraft:gold_nugget":160,"minecraft:cobbled_deepslate":1224,"bosses_of_mass_destruction:soul_star":6,"minecraft:bucket":18,"minecraft:spruce_planks":129,"minecraft:rose_bush":27,"minecraft:azalea":11,"minecraft:smooth_quartz":1,"minecraft:iron_pickaxe":19,"minecraft:azalea_leaves":4,"minecraft:melon_slice":164,"minecraft:furnace":10,"minecraft:iron_boots":22,"minecraft:stick":322,"minecraft:torch":12,"minecraft:spruce_stairs":8,"minecraft:porkchop":79,"minecraft:diorite":57,"minecraft:honey_bottle":66,"minecraft:rotten_flesh":454,"minecraft:obsidian":9,"minecraft:cod":1,"minecraft:iron_bars":3,"minecraft:snowball":146,"morebows:diamond_bow":22,"alexsmobs:flying_fish":22,"minecraft:cobblestone":1209,"minecraft:birch_log":66,"minecraft:feather":24,"minecraft:cooked_beef":49,"minecraft:golden_leggings":3,"alexsmobs:bison_fur":3,"minecraft:water_bucket":7,"minecraft:andesite":56,"minecraft:brown_wool":2,"minecraft:chiseled_quartz_block":5,"minecraft:smoker":5,"minecraft:potato":121,"minecraft:flint":4,"minecraft:tuff":2,"minecraft:stripped_spruce_wood":2,"minecraft:gray_concrete":1,"minecraft:lapis_lazuli":576,"minecraft:dirt":1005,"minecraft:lantern":7,"minecraft:bone":163,"minecraft:stonecutter":1,"minecraft:bow":38,"minecraft:wheat_seeds":172,"minecraft:raw_gold":219,"minecraft:fletching_table":5,"minecraft:diamond_helmet":5,"minecraft:glowstone_dust":12,"minecraft:moss_block":94,"minecraft:stone_hoe":3,"minecraft:oak_planks":129,"minecraft:honeycomb":207,"minecraft:cooked_porkchop":34,"minecraft:poisonous_potato":3,"minecraft:sand":1746,"minecraft:stripped_spruce_log":1,"minecraft:spectral_arrow":41,"minecraft:dark_oak_log":174,"minecraft:mossy_cobblestone":7,"minecraft:bundle":3,"minecraft:iron_hoe":23,"minecraft:light_gray_concrete":10,"minecraft:diamond":36,"minecraft:blue_ice":3,"minecraft:crossbow":8,"minecraft:granite":55,"minecraft:bone_meal":8,"alexsmobs:moose_ribs":5,"minecraft:golden_apple":2,"minecraft:spruce_sign":1,"minecraft:emerald":89,"minecraft:bread":158,"alexsmobs:maggot":17,"minecraft:rooted_dirt":103,"minecraft:oak_sapling":3,"minecraft:netherrack":372,"minecraft:crimson_roots":7,"minecraft:diamond_pickaxe":19,"minecraft:charcoal":50,"minecraft:fishing_rod":1,"minecraft:coarse_dirt":24,"minecraft:crafting_table":17,"minecraft:chicken":7,"minecraft:clay_ball":224,"minecraft:leather_leggings":7,"minecraft:gold_block":4,"minecraft:shield":18,"minecraft:red_bed":11,"minecraft:moss_carpet":21,"minecraft:iron_axe":26,"minecraft:flint_and_steel":4,"minecraft:polished_blackstone_wall":3,"minecraft:iron_shovel":16,"minecraft:blackstone":21,"minecraft:blue_orchid":6,"minecraft:cartography_table":1,"minecraft:beef":123,"minecraft:poppy":22,"minecraft:player_head":19,"minecraft:jungle_sapling":5,"minecraft:iron_nugget":68,"minecraft:birch_sapling":3,"minecraft:chest":16,"minecraft:sugar_cane":245,"minecraft:spruce_trapdoor":1,"minecraft:egg":7,"minecraft:dark_oak_sapling":1,"minecraft:raw_iron":297,"minecraft:sandstone":346,"minecraft:copper_ingot":12,"minecraft:bowl":1,"minecraft:spruce_fence":2,"minecraft:fire_charge":4,"minecraft:stone_button":1,"minecraft:carrot":14,"minecraft:redstone":252,"minecraft:blue_carpet":3,"minecraft:dark_oak_planks":124,"minecraft:stone_shovel":11,"minecraft:arrow":426,"minecraft:beetroot_seeds":1978,"minecraft:hay_block":6,"minecraft:glistering_melon_slice":96,"minecraft:gold_ingot":307,"minecraft:glow_berries":6,"minecraft:mutton":81,"minecraft:white_wool":45,"minecraft:clock":4,"minecraft:glow_ink_sac":76,"minecraft:salmon":1,"minecraft:leather":60,"minecraft:fern":8,"minecraft:red_mushroom":2,"minecraft:filled_map":5,"minecraft:birch_planks":46,"minecraft:oak_log":26,"minecraft:chainmail_chestplate":10,"minecraft:gunpowder":28,"alexsmobs:mosquito_proboscis":2,"minecraft:blue_bed":7,"minecraft:cooked_mutton":327,"minecraft:red_carpet":3,"minecraft:apple":26,"minecraft:kelp":12,"minecraft:iron_ingot":304,"minecraft:stone_pickaxe":9,"minecraft:cobweb":12,"minecraft:glass_bottle":25,"minecraft:soul_sand":7,"minecraft:flowering_azalea":6,"minecraft:iron_sword":66,"minecraft:warped_fungus":8,"minecraft:pumpkin":6,"minecraft:sweet_berries":63,"minecraft:quartz":90,"minecraft:gravel":72,"minecraft:lava_bucket":13,"minecraft:spruce_sapling":31,"minecraft:blast_furnace":7,"minecraft:white_bed":1,"minecraft:spruce_log":56,"minecraft:spruce_door":4,"minecraft:spider_eye":32,"minecraft:leather_helmet":9,"travelersbackpack:standard":4,"minecraft:stone_axe":8,"minecraft:iron_helmet":9,"minecraft:gray_wool":3,"minecraft:baked_potato":189,"minecraft:coal":276},"minecraft:custom":{"minecraft:interact_with_crafting_table":171,"minecraft:open_barrel":169,"minecraft:bell_ring":12,"minecraft:leave_game":10,"minecraft:time_since_death":26224,"minecraft:sprint_one_cm":2111056,"minecraft:damage_blocked_by_shield":4620,"minecraft:drop":237,"minecraft:talked_to_villager":78,"minecraft:play_time":696729,"minecraft:deaths":137,"minecraft:jump":10893,"minecraft:walk_on_water_one_cm":173980,"minecraft:interact_with_furnace":95,"minecraft:traded_with_villager":27,"minecraft:interact_with_cartography_table":1,"minecraft:interact_with_loom":1,"minecraft:sleep_in_bed":24,"minecraft:damage_dealt":41329,"minecraft:crouch_one_cm":21728,"minecraft:interact_with_smoker":30,"minecraft:interact_with_smithing_table":5,"minecraft:interact_with_anvil":1,"minecraft:mob_kills":286,"minecraft:interact_with_campfire":8,"minecraft:climb_one_cm":32333,"minecraft:walk_one_cm":2524533,"minecraft:sneak_time":11090,"minecraft:walk_under_water_one_cm":43222,"minecraft:boat_one_cm":35685,"minecraft:interact_with_blast_furnace":13,"minecraft:total_world_time":696729,"minecraft:interact_with_stonecutter":3,"minecraft:time_since_rest":14055,"minecraft:damage_taken":46023,"minecraft:damage_absorbed":40,"minecraft:swim_one_cm":157511,"minecraft:fly_one_cm":2243355,"minecraft:open_chest":204,"minecraft:fish_caught":1,"minecraft:fall_one_cm":332943},"minecraft:broken":{"minecraft:iron_shovel":2,"minecraft:leather_helmet":1,"minecraft:stone_hoe":1,"minecraft:iron_axe":1,"minecraft:iron_pickaxe":2},"minecraft:dropped":{"minecraft:moss_block":61,"minecraft:dark_oak_sapling":2,"minecraft:cooked_porkchop":1,"minecraft:leather":2,"travelersbackpack:standard":1,"minecraft:dirt":6,"alexsmobs:flying_fish":2,"minecraft:snowball":40,"minecraft:jungle_sapling":1,"minecraft:gold_nugget":2,"minecraft:bone_meal":1,"minecraft:sand":118,"minecraft:gravel":3,"minecraft:polished_blackstone_wall":1,"minecraft:sugar_cane":6,"minecraft:cobbled_deepslate":2,"minecraft:birch_sapling":1,"minecraft:wheat":6,"minecraft:beetroot":19,"minecraft:fern":5,"minecraft:rotten_flesh":53,"minecraft:oak_planks":15,"minecraft:poppy":6,"minecraft:charcoal":16,"minecraft:beetroot_seeds":6,"minecraft:azalea":8,"minecraft:chest":2,"minecraft:iron_bars":2,"minecraft:arrow":3,"minecraft:netherrack":8,"minecraft:egg":2,"minecraft:crimson_planks":2,"minecraft:iron_ingot":2,"morebows:diamond_bow":1,"minecraft:wheat_seeds":6,"minecraft:poisonous_potato":1,"minecraft:feather":1,"minecraft:cobblestone":16,"minecraft:spruce_stairs":3,"minecraft:coal":1,"minecraft:stick":4,"minecraft:diorite":19,"minecraft:wooden_axe":1,"minecraft:melon_slice":23,"minecraft:brown_wool":2,"minecraft:pumpkin":1,"minecraft:flowering_azalea":3,"minecraft:stonecutter":1,"minecraft:string":1,"minecraft:bucket":5,"minecraft:moss_carpet":20,"minecraft:kelp":10,"alexsmobs:maggot":3,"minecraft:player_head":1,"minecraft:coarse_dirt":2,"minecraft:bowl":2,"minecraft:tuff":2,"minecraft:iron_hoe":1,"minecraft:filled_map":1,"minecraft:flower_pot":2,"minecraft:andesite":2,"minecraft:blue_ice":3,"minecraft:oak_sapling":1,"minecraft:spider_eye":8,"minecraft:sandstone":15,"minecraft:bow":1,"minecraft:raw_gold":26}},"DataVersion":3465}