{"stats":{"minecraft:killed":{"alexsmobs:lobster":6,"alexsmobs:raccoon":1,"minecraft:spider":13,"alexsmobs:seagull":3,"alexsmobs:sugar_glider":1,"minecraft:skeleton":9,"alexsmobs:leafcutter_ant":3,"minecraft:piglin_brute":4,"minecraft:piglin":3,"minecraft:zombie_villager":1,"alexsmobs:seal":4,"minecraft:creeper":4,"minecraft:zombie":38,"alexsmobs:terrapin":1,"alexsmobs:fly":9,"alexsmobs:crow":2,"minecraft:player":1,"minecraft:cow":13},"minecraft:mined":{"minecraft:dark_oak_planks":131,"minecraft:dark_oak_leaves":15,"minecraft:jungle_slab":2,"alexsmobs:leafcutter_anthill":1,"minecraft:dark_oak_log":151,"minecraft:grass_block":36,"minecraft:jungle_planks":1,"minecraft:jungle_log":6,"alexsmobs:leafcutter_ant_chamber":2,"minecraft:coal_block":6,"minecraft:sandstone":10,"minecraft:rooted_dirt":1,"minecraft:spore_blossom":1,"minecraft:furnace":4,"minecraft:iron_ore":1,"minecraft:barrel":9,"minecraft:fire":4,"minecraft:moss_carpet":1,"minecraft:potatoes":5,"minecraft:flowering_azalea_leaves":3,"minecraft:stone":159,"minecraft:player_head":3,"travelersbackpack:spider":2,"minecraft:red_bed":4,"minecraft:powder_snow":10,"minecraft:clay":3,"minecraft:crafting_table":7,"minecraft:torch":12,"minecraft:chest":2,"minecraft:tall_grass":2,"minecraft:mushroom_stem":15,"minecraft:glass":5,"minecraft:cobblestone":12,"minecraft:sugar_cane":1,"minecraft:wall_torch":15,"minecraft:birch_planks":2,"minecraft:red_candle":1,"minecraft:coarse_dirt":17,"minecraft:birch_log":14,"minecraft:wheat":34,"minecraft:lilac":8,"minecraft:birch_leaves":1,"minecraft:grass":40,"minecraft:coal_ore":34,"minecraft:oak_log":12,"minecraft:beetroots":8,"minecraft:cocoa":2,"minecraft:gravel":8,"minecraft:dirt":10,"minecraft:sand":158,"minecraft:flower_pot":2,"minecraft:red_mushroom_block":18,"minecraft:netherrack":1,"minecraft:oak_leaves":37},"minecraft:killed_by":{"minecraft:piglin_brute":5,"minecraft:creeper":1,"alexsmobs:leafcutter_ant":1,"minecraft:piglin":6,"minecraft:skeleton":3,"minecraft:zombie":2},"minecraft:used":{"minecraft:beetroot":6,"minecraft:stone_shovel":216,"minecraft:chest":7,"minecraft:shield":2,"minecraft:iron_sword":405,"minecraft:cooked_salmon":1,"minecraft:stone_hoe":10,"minecraft:player_head":2,"minecraft:rotten_flesh":5,"minecraft:netherrack":1,"minecraft:oak_door":2,"minecraft:torch":41,"minecraft:dirt":38,"minecraft:cocoa_beans":6,"minecraft:jungle_planks":1,"minecraft:jungle_slab":2,"minecraft:granite":2,"minecraft:honey_bottle":8,"minecraft:dark_oak_planks":461,"minecraft:glass":57,"alexsmobs:maggot":8,"minecraft:lava_bucket":3,"minecraft:rooted_dirt":2,"minecraft:iron_axe":248,"alexsmobs:cooked_lobster_tail":2,"minecraft:jungle_log":6,"minecraft:dark_oak_leaves":13,"minecraft:barrel":9,"minecraft:bow":10,"minecraft:oak_sapling":2,"minecraft:furnace":3,"minecraft:beetroot_seeds":20,"minecraft:potato":8,"minecraft:cooked_beef":1,"minecraft:dark_oak_sapling":1,"travelersbackpack:spider":4,"minecraft:wheat_seeds":85,"minecraft:water_bucket":6,"minecraft:dark_oak_stairs":6,"minecraft:birch_planks":10,"minecraft:stone_pickaxe":172,"minecraft:baked_potato":46,"minecraft:wooden_pickaxe":58,"minecraft:birch_boat":1,"minecraft:sandstone":6,"minecraft:sugar_cane":3,"minecraft:spruce_sign":1,"minecraft:oak_leaves":13,"minecraft:sand":62,"minecraft:red_bed":2,"minecraft:crafting_table":8,"minecraft:shears":28,"minecraft:oak_log":1,"alexsmobs:flying_fish":1,"minecraft:flower_pot":4,"minecraft:dark_oak_log":33,"minecraft:iron_pickaxe":3,"minecraft:gravel":1,"minecraft:stone_axe":59,"minecraft:cobblestone":139,"alexsmobs:leafcutter_ant_chamber":2,"minecraft:bucket":9,"alexsmobs:animal_dictionary":1},"minecraft:crafted":{"minecraft:brick":12,"minecraft:oak_door":3,"minecraft:oak_planks":44,"minecraft:stone_shovel":2,"minecraft:fishing_rod":1,"minecraft:birch_boat":1,"minecraft:stone":3,"minecraft:glass":80,"minecraft:bow":1,"minecraft:iron_axe":2,"minecraft:stone_pickaxe":3,"minecraft:chest":5,"minecraft:dark_oak_planks":364,"minecraft:stone_hoe":1,"minecraft:flower_pot":2,"travelersbackpack:spider":1,"minecraft:cooked_beef":6,"minecraft:dark_oak_stairs":8,"alexsmobs:cooked_lobster_tail":2,"minecraft:crafting_table":2,"travelersbackpack:standard":1,"minecraft:wooden_pickaxe":1,"minecraft:baked_potato":26,"minecraft:iron_sword":1,"minecraft:cooked_salmon":1,"minecraft:copper_ingot":35,"minecraft:bucket":1,"minecraft:birch_planks":56,"minecraft:stone_axe":1,"minecraft:air":0,"minecraft:bread":9,"minecraft:shield":1,"minecraft:stick":36,"minecraft:iron_pickaxe":2,"minecraft:iron_ingot":8,"minecraft:white_bed":1,"minecraft:torch":16,"minecraft:shears":1},"minecraft:picked_up":{"minecraft:iron_chestplate":1,"minecraft:cocoa_beans":12,"minecraft:coarse_dirt":17,"minecraft:crafting_table":7,"minecraft:wheat":47,"minecraft:clay_ball":12,"minecraft:flower_pot":2,"minecraft:wooden_pickaxe":2,"minecraft:potion":1,"minecraft:enchanted_book":2,"travelersbackpack:spider":2,"minecraft:shield":1,"minecraft:string":36,"minecraft:red_bed":14,"minecraft:moss_carpet":4,"minecraft:iron_axe":2,"minecraft:iron_leggings":2,"minecraft:red_candle":9,"minecraft:blackstone":10,"minecraft:beetroot":57,"minecraft:gold_nugget":14,"minecraft:cobbled_deepslate":64,"minecraft:bucket":2,"minecraft:dark_oak_leaves":27,"minecraft:beef":50,"minecraft:player_head":15,"minecraft:jungle_sapling":2,"minecraft:iron_nugget":8,"minecraft:iron_pickaxe":1,"minecraft:coal_block":18,"minecraft:sugar_cane":12,"minecraft:chest":2,"minecraft:iron_boots":1,"alexsmobs:leafcutter_ant_chamber":2,"minecraft:furnace":7,"minecraft:dark_oak_sapling":3,"minecraft:stick":11,"minecraft:raw_iron":1,"minecraft:sandstone":6,"minecraft:oak_door":1,"minecraft:copper_ingot":35,"minecraft:torch":62,"minecraft:fire_charge":8,"minecraft:carrot":1,"minecraft:dark_oak_planks":135,"minecraft:arrow":46,"minecraft:stone_shovel":5,"minecraft:honey_bottle":141,"minecraft:rotten_flesh":76,"minecraft:beetroot_seeds":102,"minecraft:shears":2,"minecraft:gold_ingot":24,"minecraft:white_wool":10,"alexsmobs:lobster_tail":2,"alexsmobs:flying_fish":2,"minecraft:cobblestone":292,"minecraft:birch_log":14,"minecraft:cooked_beef":33,"minecraft:feather":2,"minecraft:lilac":10,"minecraft:salmon":1,"minecraft:water_bucket":2,"minecraft:jungle_log":6,"minecraft:leather":29,"minecraft:red_mushroom":5,"minecraft:potato":216,"minecraft:birch_planks":51,"minecraft:flint":1,"minecraft:oak_log":12,"minecraft:gunpowder":2,"minecraft:lapis_lazuli":12,"minecraft:dirt":83,"minecraft:glass":1,"minecraft:bone":17,"minecraft:bow":5,"minecraft:wheat_seeds":113,"minecraft:spore_blossom":1,"minecraft:iron_ingot":38,"minecraft:stone_pickaxe":7,"alexsmobs:gongylidia":1,"minecraft:glass_bottle":7,"minecraft:iron_sword":32,"minecraft:oak_planks":60,"minecraft:honeycomb":58,"minecraft:flowering_azalea":2,"minecraft:soul_sand":4,"minecraft:dark_oak_stairs":2,"minecraft:cooked_porkchop":2,"minecraft:quartz":96,"minecraft:gravel":6,"minecraft:lava_bucket":2,"minecraft:sand":179,"minecraft:jungle_planks":1,"minecraft:jungle_slab":2,"minecraft:dark_oak_log":269,"minecraft:spider_eye":4,"minecraft:barrel":18,"alexsmobs:animal_dictionary":6,"minecraft:diamond":1,"minecraft:stone_axe":4,"minecraft:granite":8,"minecraft:spruce_sign":1,"minecraft:emerald":4,"minecraft:bread":1,"alexsmobs:maggot":48,"minecraft:rooted_dirt":3,"minecraft:baked_potato":327,"minecraft:oak_sapling":8,"minecraft:netherrack":1,"minecraft:coal":45,"minecraft:oak_leaves":13},"minecraft:custom":{"minecraft:interact_with_anvil":1,"minecraft:mob_kills":115,"minecraft:interact_with_crafting_table":67,"minecraft:open_barrel":143,"minecraft:damage_dealt_resisted":44,"minecraft:leave_game":1,"minecraft:time_since_death":14742,"minecraft:climb_one_cm":1860,"minecraft:sprint_one_cm":515419,"minecraft:walk_one_cm":1018058,"minecraft:damage_blocked_by_shield":120,"minecraft:drop":45,"minecraft:play_time":231464,"minecraft:sneak_time":2500,"minecraft:deaths":18,"minecraft:walk_under_water_one_cm":37505,"minecraft:boat_one_cm":62233,"minecraft:jump":2724,"minecraft:interact_with_blast_furnace":6,"minecraft:walk_on_water_one_cm":30644,"minecraft:total_world_time":231464,"minecraft:interact_with_furnace":125,"minecraft:interact_with_loom":1,"minecraft:sleep_in_bed":6,"minecraft:time_since_rest":14762,"minecraft:damage_taken":7581,"minecraft:damage_dealt":18164,"minecraft:player_kills":1,"minecraft:swim_one_cm":22054,"minecraft:fly_one_cm":539806,"minecraft:open_chest":106,"minecraft:crouch_one_cm":6696,"minecraft:interact_with_smoker":6,"minecraft:fall_one_cm":75479},"minecraft:broken":{"minecraft:wooden_pickaxe":1,"minecraft:stone_pickaxe":1,"minecraft:iron_axe":1},"minecraft:dropped":{"minecraft:iron_sword":2,"minecraft:crafting_table":1,"minecraft:cooked_porkchop":2,"minecraft:red_mushroom":2,"minecraft:red_bed":1,"minecraft:dark_oak_log":10,"minecraft:torch":2,"minecraft:iron_leggings":2,"minecraft:jungle_sapling":1,"minecraft:flowering_azalea":1,"minecraft:iron_pickaxe":1,"minecraft:white_wool":10,"minecraft:coarse_dirt":17,"minecraft:cobbled_deepslate":64,"minecraft:rotten_flesh":7,"minecraft:iron_boots":1,"minecraft:shield":1,"minecraft:iron_chestplate":1,"minecraft:stone_pickaxe":1,"minecraft:wooden_pickaxe":1}},"DataVersion":3465}