{"stats":{"minecraft:mined":{"minecraft:dark_oak_planks":131,"minecraft:dark_oak_leaves":2,"alexsmobs:leafcutter_anthill":1,"minecraft:dark_oak_log":122,"minecraft:grass_block":34,"minecraft:jungle_log":6,"minecraft:rooted_dirt":1,"minecraft:furnace":4,"minecraft:fire":4,"minecraft:barrel":6,"minecraft:moss_carpet":1,"minecraft:flowering_azalea_leaves":3,"minecraft:stone":149,"minecraft:player_head":3,"minecraft:red_bed":4,"minecraft:clay":3,"minecraft:crafting_table":6,"minecraft:torch":4,"minecraft:chest":1,"minecraft:mushroom_stem":15,"minecraft:glass":4,"minecraft:cobblestone":12,"minecraft:sugar_cane":1,"minecraft:wall_torch":12,"minecraft:birch_planks":2,"minecraft:birch_log":9,"minecraft:lilac":2,"minecraft:grass":15,"minecraft:oak_log":12,"minecraft:coal_ore":19,"minecraft:beetroots":6,"minecraft:cocoa":2,"minecraft:flower_pot":2,"minecraft:dirt":7,"minecraft:sand":139,"minecraft:red_mushroom_block":3,"minecraft:oak_leaves":13},"minecraft:broken":{"minecraft:wooden_pickaxe":1,"minecraft:iron_axe":1},"minecraft:dropped":{"minecraft:iron_sword":2,"minecraft:crafting_table":1,"minecraft:red_mushroom":2,"minecraft:red_bed":1,"minecraft:torch":2,"minecraft:jungle_sapling":1,"minecraft:flowering_azalea":1,"minecraft:iron_pickaxe":1,"minecraft:rotten_flesh":7,"minecraft:stone_pickaxe":1,"minecraft:wooden_pickaxe":1},"minecraft:crafted":{"minecraft:brick":12,"minecraft:oak_door":3,"minecraft:oak_planks":44,"minecraft:stone_shovel":2,"minecraft:fishing_rod":1,"minecraft:glass":79,"minecraft:iron_axe":2,"minecraft:stone_pickaxe":2,"minecraft:chest":5,"minecraft:dark_oak_planks":352,"minecraft:stone_hoe":1,"minecraft:flower_pot":2,"minecraft:dark_oak_stairs":8,"alexsmobs:cooked_lobster_tail":2,"minecraft:crafting_table":1,"minecraft:wooden_pickaxe":1,"minecraft:iron_sword":1,"minecraft:cooked_salmon":1,"minecraft:copper_ingot":35,"minecraft:bucket":1,"minecraft:birch_planks":36,"minecraft:stone_axe":1,"minecraft:bread":1,"minecraft:air":0,"minecraft:stick":32,"minecraft:iron_pickaxe":2,"minecraft:torch":16},"minecraft:killed_by":{"minecraft:piglin_brute":3,"minecraft:creeper":1,"alexsmobs:leafcutter_ant":1,"minecraft:piglin":5,"minecraft:skeleton":1,"minecraft:zombie":1},"minecraft:killed":{"alexsmobs:lobster":6,"minecraft:spider":4,"alexsmobs:seagull":1,"minecraft:skeleton":5,"alexsmobs:leafcutter_ant":3,"minecraft:piglin_brute":2,"minecraft:piglin":3,"minecraft:zombie_villager":1,"alexsmobs:seal":3,"minecraft:creeper":2,"minecraft:zombie":14,"alexsmobs:terrapin":1,"alexsmobs:fly":5,"minecraft:player":1,"minecraft:cow":4},"minecraft:used":{"minecraft:beetroot":6,"minecraft:stone_shovel":171,"minecraft:chest":6,"minecraft:iron_sword":209,"minecraft:cooked_salmon":1,"minecraft:player_head":2,"minecraft:oak_door":2,"minecraft:torch":23,"minecraft:dirt":32,"minecraft:cocoa_beans":6,"minecraft:honey_bottle":8,"minecraft:glass":56,"minecraft:dark_oak_planks":461,"minecraft:lava_bucket":3,"minecraft:iron_axe":248,"minecraft:rooted_dirt":2,"minecraft:jungle_log":6,"minecraft:barrel":4,"minecraft:oak_sapling":2,"minecraft:furnace":3,"minecraft:dark_oak_stairs":6,"minecraft:stone_pickaxe":127,"minecraft:baked_potato":28,"minecraft:wooden_pickaxe":58,"minecraft:spruce_sign":1,"minecraft:sugar_cane":3,"minecraft:sand":50,"minecraft:crafting_table":6,"minecraft:red_bed":2,"minecraft:oak_log":1,"minecraft:flower_pot":4,"minecraft:dark_oak_log":33,"minecraft:iron_pickaxe":3,"minecraft:stone_axe":11,"minecraft:cobblestone":132,"minecraft:bucket":2,"alexsmobs:animal_dictionary":1},"minecraft:custom":{"minecraft:mob_kills":54,"minecraft:interact_with_anvil":1,"minecraft:interact_with_crafting_table":45,"minecraft:open_barrel":64,"minecraft:time_since_death":5860,"minecraft:climb_one_cm":1160,"minecraft:sprint_one_cm":260160,"minecraft:walk_one_cm":602079,"minecraft:drop":19,"minecraft:play_time":127082,"minecraft:deaths":12,"minecraft:sneak_time":1676,"minecraft:walk_under_water_one_cm":23498,"minecraft:jump":1276,"minecraft:walk_on_water_one_cm":14475,"minecraft:total_world_time":127082,"minecraft:interact_with_furnace":70,"minecraft:sleep_in_bed":4,"minecraft:time_since_rest":5894,"minecraft:damage_taken":4900,"minecraft:damage_dealt":8784,"minecraft:swim_one_cm":1899,"minecraft:fly_one_cm":226987,"minecraft:player_kills":1,"minecraft:open_chest":13,"minecraft:crouch_one_cm":5110,"minecraft:fall_one_cm":28741},"minecraft:picked_up":{"minecraft:cocoa_beans":12,"minecraft:crafting_table":6,"minecraft:wheat":21,"minecraft:flower_pot":2,"minecraft:clay_ball":12,"minecraft:wooden_pickaxe":2,"minecraft:potion":1,"minecraft:enchanted_book":2,"minecraft:moss_carpet":4,"minecraft:string":24,"minecraft:red_bed":14,"minecraft:iron_axe":2,"minecraft:blackstone":10,"minecraft:beetroot":57,"minecraft:gold_nugget":11,"minecraft:bucket":1,"minecraft:beef":35,"minecraft:player_head":12,"minecraft:jungle_sapling":2,"minecraft:sugar_cane":12,"minecraft:chest":1,"minecraft:furnace":7,"minecraft:dark_oak_sapling":3,"minecraft:stick":9,"minecraft:oak_door":1,"minecraft:copper_ingot":35,"minecraft:torch":27,"minecraft:fire_charge":8,"minecraft:dark_oak_planks":135,"minecraft:stone_shovel":1,"minecraft:honey_bottle":135,"minecraft:arrow":25,"minecraft:rotten_flesh":42,"minecraft:beetroot_seeds":100,"minecraft:gold_ingot":24,"alexsmobs:lobster_tail":2,"alexsmobs:flying_fish":2,"minecraft:cobblestone":180,"minecraft:birch_log":9,"minecraft:lilac":8,"minecraft:jungle_log":6,"minecraft:salmon":1,"minecraft:leather":24,"minecraft:red_mushroom":2,"minecraft:potato":208,"minecraft:birch_planks":51,"minecraft:oak_log":12,"minecraft:dirt":70,"minecraft:glass":1,"minecraft:bone":13,"minecraft:wheat_seeds":37,"minecraft:stone_pickaxe":3,"minecraft:iron_ingot":30,"minecraft:glass_bottle":3,"minecraft:soul_sand":4,"minecraft:flowering_azalea":2,"minecraft:honeycomb":58,"minecraft:iron_sword":25,"minecraft:oak_planks":60,"minecraft:dark_oak_stairs":2,"minecraft:quartz":96,"minecraft:lava_bucket":1,"minecraft:sand":139,"alexsmobs:animal_dictionary":6,"minecraft:dark_oak_log":210,"minecraft:barrel":13,"minecraft:stone_axe":1,"minecraft:granite":8,"minecraft:spruce_sign":1,"minecraft:bread":1,"minecraft:emerald":2,"alexsmobs:maggot":30,"minecraft:rooted_dirt":3,"minecraft:baked_potato":201,"minecraft:oak_sapling":8,"minecraft:coal":28}},"DataVersion":3465}