{"stats":{"minecraft:dropped":{"minecraft:iron_sword":4,"minecraft:brown_mushroom":8,"minecraft:crafting_table":1,"minecraft:dark_oak_sapling":6,"minecraft:cooked_porkchop":2,"minecraft:red_mushroom":7,"minecraft:red_bed":1,"minecraft:dark_oak_log":10,"minecraft:jungle_sapling":1,"minecraft:iron_pickaxe":1,"minecraft:white_wool":10,"minecraft:cobbled_deepslate":64,"minecraft:rotten_flesh":26,"minecraft:cooked_mutton":1,"minecraft:azure_bluet":1,"minecraft:beetroot_seeds":101,"minecraft:arrow":9,"minecraft:water_bucket":1,"minecraft:golden_boots":1,"minecraft:iron_ingot":2,"minecraft:wheat_seeds":196,"minecraft:mossy_cobblestone":4,"minecraft:cobblestone":1,"minecraft:poisonous_potato":1,"minecraft:book":6,"minecraft:stick":168,"minecraft:torch":2,"minecraft:iron_leggings":2,"minecraft:flowering_azalea":1,"minecraft:coarse_dirt":17,"minecraft:iron_boots":1,"minecraft:flint_and_steel":1,"minecraft:shield":2,"minecraft:iron_chestplate":1,"minecraft:diamond_pickaxe":1,"minecraft:stone_pickaxe":1,"minecraft:wooden_pickaxe":1},"minecraft:killed":{"alexsmobs:lobster":28,"minecraft:spider":23,"minecraft:skeleton":17,"alexsmobs:leafcutter_ant":3,"minecraft:chicken":9,"minecraft:piglin_brute":10,"minecraft:piglin":3,"minecraft:pig":1,"minecraft:zombie_villager":1,"alexsmobs:seal":5,"minecraft:creeper":13,"minecraft:sheep":10,"minecraft:trader_llama":2,"minecraft:pillager":6,"minecraft:zombie":77,"alexsmobs:terrapin":1,"alexsmobs:fly":12,"minecraft:cow":17,"alexsmobs:raccoon":2,"alexsmobs:seagull":4,"alexsmobs:sugar_glider":1,"alexsmobs:blue_jay":1,"alexsmobs:flying_fish":5,"friendsandfoes:copper_golem":2,"minecraft:squid":1,"alexsmobs:catfish":1,"alexsmobs:cockroach":1,"alexsmobs:crow":3,"minecraft:player":1},"minecraft:crafted":{"minecraft:brick":12,"securitycraft:mine":12,"minecraft:oak_planks":200,"minecraft:birch_boat":2,"minecraft:cooked_chicken":6,"minecraft:stone":3,"minecraft:cobblestone_stairs":4,"minecraft:cooked_mutton":28,"minecraft:glass":110,"minecraft:bow":3,"immersive_aircraft:hull":2,"minecraft:chest":5,"minecraft:iron_door":3,"minecraft:stone_hoe":1,"minecraft:flower_pot":2,"minecraft:glass_bottle":6,"minecraft:cooked_porkchop":4,"minecraft:arrow":32,"securitycraft:sand_mine":12,"minecraft:crafting_table":3,"travelersbackpack:standard":1,"minecraft:wooden_pickaxe":1,"minecraft:baked_potato":65,"minecraft:copper_ingot":35,"minecraft:birch_planks":64,"immersive_aircraft:propeller":1,"minecraft:tnt":2,"minecraft:dark_oak_slab":6,"minecraft:book":4,"minecraft:paper":15,"minecraft:shield":2,"minecraft:stick":116,"minecraft:iron_ingot":42,"minecraft:iron_pickaxe":3,"minecraft:dark_oak_fence_gate":2,"minecraft:shears":1,"minecraft:oak_door":3,"minecraft:stone_shovel":7,"minecraft:fishing_rod":1,"immersive_aircraft:sail":2,"minecraft:furnace":1,"minecraft:bone_meal":6,"minecraft:white_carpet":12,"minecraft:glass_pane":32,"minecraft:dark_oak_fence":39,"minecraft:iron_axe":3,"minecraft:chiseled_bookshelf":2,"minecraft:stone_pickaxe":5,"minecraft:cobblestone_wall":48,"minecraft:dark_oak_planks":540,"travelersbackpack:spider":1,"minecraft:cooked_beef":9,"minecraft:red_dye":1,"minecraft:cooked_cod":16,"minecraft:dark_oak_stairs":8,"alexsmobs:cooked_lobster_tail":11,"minecraft:dried_kelp":49,"minecraft:iron_sword":1,"minecraft:red_bed":1,"minecraft:cooked_salmon":1,"minecraft:dark_oak_button":2,"minecraft:bucket":3,"minecraft:stone_axe":2,"minecraft:bread":9,"immersive_aircraft:bomb_bay":1,"minecraft:air":0,"immersive_aircraft:gyrodyne":1,"minecraft:oak_stairs":4,"minecraft:white_bed":2,"minecraft:acacia_planks":4,"minecraft:torch":40},"minecraft:mined":{"minecraft:dark_oak_planks":137,"minecraft:white_bed":2,"minecraft:jungle_slab":2,"minecraft:sculk_vein":5,"alexsmobs:leafcutter_anthill":1,"minecraft:brewing_stand":4,"minecraft:granite":6,"minecraft:carved_pumpkin":1,"minecraft:acacia_log":7,"minecraft:grass_block":129,"minecraft:jungle_log":6,"minecraft:coal_block":6,"minecraft:composter":2,"minecraft:oxeye_daisy":1,"minecraft:spawner":3,"minecraft:tall_seagrass":7,"minecraft:cobbled_deepslate":2,"minecraft:iron_ore":45,"minecraft:fire":120,"minecraft:barrel":15,"minecraft:moss_carpet":1,"minecraft:azure_bluet":1,"minecraft:red_tulip":1,"minecraft:oak_sign":5,"minecraft:flowering_azalea_leaves":3,"minecraft:dirt_path":1,"minecraft:player_head":3,"minecraft:deepslate_redstone_ore":13,"minecraft:red_bed":5,"minecraft:kelp_plant":57,"minecraft:powder_snow":11,"minecraft:clay":4,"minecraft:torch":20,"minecraft:blast_furnace":3,"minecraft:poppy":8,"minecraft:chest":10,"minecraft:mushroom_stem":56,"minecraft:glass":5,"minecraft:cobblestone":24,"minecraft:sugar_cane":51,"minecraft:oak_planks":7,"minecraft:wall_torch":23,"minecraft:skeleton_skull":1,"minecraft:seagrass":1,"minecraft:chain":9,"minecraft:red_candle":1,"minecraft:birch_log":16,"minecraft:wheat":178,"minecraft:lilac":18,"minecraft:jukebox":1,"minecraft:tnt":1,"minecraft:grass":75,"minecraft:oak_log":56,"minecraft:beetroots":27,"minecraft:sand":745,"minecraft:dirt":94,"securitycraft:sand_mine":8,"minecraft:red_mushroom_block":19,"minecraft:netherrack":1,"minecraft:oak_leaves":46,"minecraft:deepslate":87,"minecraft:mossy_cobblestone":5,"minecraft:dark_oak_leaves":17,"minecraft:candle":1,"minecraft:dark_oak_log":184,"minecraft:chiseled_bookshelf":1,"minecraft:dark_oak_fence":9,"minecraft:allium":2,"minecraft:jungle_planks":1,"alexsmobs:leafcutter_ant_chamber":2,"minecraft:brown_mushroom_block":24,"minecraft:moss_block":4,"minecraft:kelp":19,"minecraft:sandstone":44,"minecraft:rooted_dirt":1,"minecraft:spore_blossom":1,"minecraft:furnace":5,"minecraft:carrots":21,"minecraft:dark_oak_fence_gate":1,"minecraft:andesite":22,"minecraft:bell":1,"minecraft:potatoes":91,"minecraft:deepslate_iron_ore":20,"minecraft:shroomlight":2,"minecraft:stone":322,"travelersbackpack:spider":2,"minecraft:potted_allium":1,"minecraft:glass_pane":32,"minecraft:dandelion":9,"minecraft:crafting_table":8,"minecraft:cornflower":3,"minecraft:rose_bush":3,"minecraft:tall_grass":8,"minecraft:copper_ore":3,"minecraft:deepslate_gold_ore":34,"minecraft:sculk":13,"minecraft:diorite":8,"minecraft:birch_planks":7,"minecraft:coarse_dirt":17,"minecraft:cobblestone_wall":13,"minecraft:black_wall_banner":2,"minecraft:birch_leaves":1,"minecraft:coal_ore":123,"minecraft:cocoa":2,"minecraft:flower_pot":2,"minecraft:gravel":73,"minecraft:stone_bricks":1,"minecraft:small_dripleaf":2,"minecraft:mossy_stone_bricks":1,"minecraft:gold_ore":7},"minecraft:custom":{"minecraft:interact_with_crafting_table":141,"minecraft:open_barrel":282,"minecraft:bell_ring":1,"minecraft:leave_game":4,"minecraft:time_since_death":62976,"minecraft:sprint_one_cm":1250389,"minecraft:damage_blocked_by_shield":885,"minecraft:drop":97,"minecraft:talked_to_villager":35,"minecraft:play_time":683752,"minecraft:deaths":34,"minecraft:jump":9055,"minecraft:interact_with_brewingstand":7,"minecraft:walk_on_water_one_cm":118932,"minecraft:interact_with_furnace":199,"minecraft:interact_with_loom":1,"minecraft:sleep_in_bed":26,"minecraft:damage_dealt":37733,"minecraft:player_kills":1,"minecraft:crouch_one_cm":32072,"minecraft:interact_with_smoker":54,"minecraft:horse_one_cm":3903,"minecraft:interact_with_anvil":1,"minecraft:mob_kills":263,"minecraft:damage_dealt_resisted":44,"minecraft:climb_one_cm":10506,"minecraft:walk_one_cm":2853234,"minecraft:sneak_time":11069,"minecraft:walk_under_water_one_cm":118537,"minecraft:boat_one_cm":314131,"minecraft:interact_with_blast_furnace":33,"minecraft:total_world_time":683752,"minecraft:pot_flower":3,"minecraft:time_since_rest":58674,"minecraft:damage_taken":16523,"minecraft:swim_one_cm":130817,"minecraft:fly_one_cm":1671348,"minecraft:open_chest":424,"minecraft:fish_caught":35,"minecraft:fall_one_cm":255515},"minecraft:broken":{"minecraft:iron_shovel":1,"minecraft:golden_leggings":1,"minecraft:stone_pickaxe":3,"minecraft:stone_axe":1,"minecraft:stone_shovel":6,"minecraft:wooden_pickaxe":1,"minecraft:iron_axe":1,"minecraft:iron_pickaxe":1},"minecraft:killed_by":{"minecraft:piglin_brute":8,"minecraft:creeper":1,"alexsmobs:leafcutter_ant":1,"cataclysm:deepling":1,"minecraft:piglin":6,"minecraft:zombie":4,"minecraft:iron_golem":1,"alexsmobs:bison":1,"minecraft:skeleton":7},"minecraft:picked_up":{"minecraft:iron_chestplate":1,"minecraft:wheat":223,"securitycraft:sand_mine":8,"minecraft:flower_pot":3,"minecraft:lead":8,"minecraft:potion":7,"minecraft:enchanted_book":2,"travelersbackpack:spider":2,"minecraft:brewing_stand":4,"minecraft:string":56,"minecraft:raw_copper":13,"minecraft:iron_leggings":2,"minecraft:red_candle":9,"minecraft:pufferfish":6,"minecraft:shroomlight":2,"minecraft:oak_sign":5,"minecraft:beetroot":83,"minecraft:gold_nugget":19,"minecraft:cobbled_deepslate":153,"bosses_of_mass_destruction:soul_star":1,"minecraft:bucket":5,"minecraft:dark_oak_leaves":27,"minecraft:rose_bush":6,"minecraft:iron_pickaxe":6,"minecraft:coal_block":18,"minecraft:furnace":8,"minecraft:iron_boots":1,"alexsmobs:leafcutter_ant_chamber":2,"minecraft:stick":371,"minecraft:jukebox":3,"minecraft:composter":3,"minecraft:torch":92,"minecraft:acacia_log":7,"minecraft:porkchop":2,"minecraft:dried_kelp":23,"minecraft:diorite":8,"minecraft:honey_bottle":141,"minecraft:rotten_flesh":137,"minecraft:tropical_fish":2,"minecraft:red_tulip":4,"minecraft:carved_pumpkin":1,"minecraft:cod":16,"alexsmobs:lobster_tail":16,"alexsmobs:flying_fish":7,"minecraft:cobblestone":486,"minecraft:birch_log":16,"minecraft:cooked_beef":37,"minecraft:feather":17,"minecraft:lilac":20,"minecraft:iron_door":4,"minecraft:water_bucket":5,"minecraft:andesite":21,"minecraft:jungle_log":6,"minecraft:golden_leggings":4,"minecraft:potato":832,"minecraft:flint":13,"minecraft:lapis_lazuli":12,"minecraft:dirt":288,"minecraft:name_tag":1,"minecraft:leather_boots":1,"minecraft:glass":1,"minecraft:bone":33,"minecraft:bow":11,"minecraft:wheat_seeds":498,"minecraft:raw_gold":41,"minecraft:bell":4,"minecraft:mossy_stone_bricks":1,"alexsmobs:gongylidia":1,"immersive_aircraft:sail":2,"minecraft:oak_planks":67,"minecraft:honeycomb":58,"minecraft:cooked_porkchop":2,"minecraft:poisonous_potato":3,"minecraft:jungle_planks":1,"minecraft:sand":908,"minecraft:ink_sac":4,"minecraft:jungle_slab":2,"minecraft:dark_oak_log":312,"alexsmobs:animal_dictionary":6,"minecraft:barrel":26,"minecraft:mossy_cobblestone":5,"minecraft:diamond":1,"minecraft:golden_horse_armor":1,"minecraft:granite":14,"minecraft:bone_meal":17,"minecraft:golden_apple":3,"alexsmobs:maggot":53,"minecraft:spruce_sign":1,"minecraft:emerald":23,"minecraft:bread":7,"minecraft:rooted_dirt":3,"minecraft:oak_sapling":9,"minecraft:netherrack":1,"minecraft:dark_oak_fence":9,"minecraft:oak_leaves":13,"minecraft:diamond_pickaxe":1,"minecraft:fishing_rod":5,"minecraft:cocoa_beans":12,"minecraft:coarse_dirt":17,"minecraft:crafting_table":8,"minecraft:allium":3,"minecraft:azure_bluet":2,"minecraft:chicken":7,"minecraft:clay_ball":16,"minecraft:brown_mushroom":14,"minecraft:wooden_pickaxe":2,"minecraft:chain":9,"minecraft:shield":4,"minecraft:cornflower":6,"minecraft:red_bed":15,"minecraft:moss_carpet":4,"minecraft:flint_and_steel":1,"minecraft:iron_axe":2,"minecraft:item_frame":2,"minecraft:iron_shovel":1,"minecraft:blackstone":10,"minecraft:candle":5,"minecraft:beef":64,"minecraft:player_head":27,"minecraft:jungle_sapling":2,"minecraft:iron_nugget":8,"minecraft:poppy":17,"minecraft:chest":10,"minecraft:sugar_cane":107,"minecraft:egg":5,"minecraft:dark_oak_sapling":9,"minecraft:raw_iron":71,"minecraft:sandstone":107,"minecraft:oak_door":1,"minecraft:copper_ingot":39,"minecraft:bowl":2,"minecraft:fire_charge":8,"minecraft:carrot":72,"minecraft:redstone":59,"minecraft:iron_horse_armor":1,"minecraft:dark_oak_planks":152,"minecraft:tnt":1,"minecraft:arrow":117,"minecraft:stone_shovel":10,"minecraft:cooked_cod":18,"minecraft:beetroot_seeds":151,"minecraft:shears":2,"minecraft:black_banner":2,"minecraft:gold_ingot":29,"minecraft:mutton":14,"immersive_aircraft:hull":1,"minecraft:skeleton_skull":1,"minecraft:white_wool":18,"minecraft:oxeye_daisy":3,"minecraft:salmon":12,"minecraft:leather":45,"minecraft:red_mushroom":10,"minecraft:birch_planks":56,"minecraft:oak_log":56,"minecraft:golden_boots":1,"minecraft:cobblestone_wall":13,"minecraft:gunpowder":18,"immersive_aircraft:gyrodyne":2,"minecraft:cooked_mutton":46,"minecraft:stone_bricks":1,"minecraft:apple":5,"minecraft:kelp":178,"alexsmobs:cockroach_wing_fragment":1,"minecraft:spore_blossom":1,"minecraft:iron_ingot":63,"minecraft:stone_pickaxe":15,"minecraft:cooked_chicken":6,"minecraft:glass_bottle":7,"minecraft:soul_sand":4,"minecraft:iron_sword":47,"minecraft:flowering_azalea":2,"minecraft:dark_oak_stairs":2,"minecraft:book":10,"minecraft:birch_boat":3,"minecraft:quartz":96,"minecraft:dandelion":16,"minecraft:gravel":67,"minecraft:lava_bucket":2,"minecraft:blast_furnace":3,"minecraft:white_bed":2,"minecraft:dark_oak_fence_gate":1,"minecraft:spider_eye":5,"minecraft:stone_axe":11,"minecraft:baked_potato":346,"minecraft:coal":190},"minecraft:used":{"minecraft:beetroot":6,"minecraft:iron_shovel":16,"minecraft:oak_sign":3,"minecraft:shield":18,"minecraft:chest":13,"minecraft:iron_sword":815,"minecraft:bell":1,"minecraft:player_head":2,"minecraft:rotten_flesh":9,"minecraft:cocoa_beans":6,"minecraft:jungle_planks":1,"minecraft:carrot":50,"minecraft:jungle_slab":2,"minecraft:allium":1,"minecraft:honey_bottle":8,"minecraft:glass":57,"minecraft:lava_bucket":7,"alexsmobs:lobster_tail":1,"alexsmobs:cooked_lobster_tail":11,"minecraft:dark_oak_leaves":13,"minecraft:dark_oak_button":2,"minecraft:stone_bricks":1,"minecraft:bow":53,"minecraft:oak_sapling":3,"minecraft:furnace":5,"minecraft:cooked_cod":12,"minecraft:beetroot_seeds":30,"minecraft:egg":5,"minecraft:potato":87,"minecraft:dark_oak_sapling":1,"minecraft:mossy_stone_bricks":1,"travelersbackpack:spider":4,"minecraft:dark_oak_stairs":6,"minecraft:diorite":8,"minecraft:oak_planks":124,"minecraft:stone_pickaxe":523,"minecraft:wooden_pickaxe":58,"minecraft:sandstone":49,"minecraft:composter":2,"minecraft:sugar_cane":3,"minecraft:oak_leaves":13,"minecraft:sand":558,"minecraft:blast_furnace":3,"minecraft:shears":28,"minecraft:dark_oak_log":33,"minecraft:bread":16,"minecraft:iron_door":1,"minecraft:gravel":44,"minecraft:lilac":14,"minecraft:dark_oak_fence":48,"minecraft:andesite":21,"immersive_aircraft:gyrodyne":2,"alexsmobs:leafcutter_ant_chamber":2,"minecraft:coarse_dirt":1,"minecraft:rose_bush":2,"minecraft:flint_and_steel":1,"minecraft:stone_shovel":868,"minecraft:dried_kelp":49,"minecraft:cooked_salmon":1,"minecraft:stone_hoe":10,"minecraft:cooked_chicken":6,"minecraft:netherrack":1,"minecraft:oak_door":2,"minecraft:torch":82,"minecraft:brewing_stand":4,"minecraft:dirt":225,"minecraft:wheat":1,"minecraft:cobblestone_wall":61,"minecraft:granite":8,"minecraft:shroomlight":2,"minecraft:dark_oak_planks":561,"alexsmobs:maggot":9,"minecraft:iron_axe":257,"minecraft:oak_stairs":4,"minecraft:rooted_dirt":2,"minecraft:jungle_log":6,"minecraft:barrel":14,"securitycraft:sand_mine":12,"minecraft:cooked_beef":6,"minecraft:cobbled_deepslate":89,"minecraft:wheat_seeds":517,"minecraft:cooked_mutton":19,"minecraft:chiseled_bookshelf":2,"minecraft:water_bucket":71,"minecraft:cobblestone_stairs":4,"minecraft:birch_planks":15,"minecraft:glass_bottle":6,"minecraft:baked_potato":55,"minecraft:birch_boat":4,"minecraft:spruce_sign":1,"minecraft:mossy_cobblestone":1,"minecraft:tnt":1,"minecraft:crafting_table":10,"minecraft:red_bed":3,"minecraft:white_bed":3,"minecraft:dark_oak_fence_gate":3,"minecraft:book":11,"minecraft:oak_log":1,"alexsmobs:flying_fish":5,"minecraft:flower_pot":5,"minecraft:iron_pickaxe":253,"minecraft:stone_axe":176,"minecraft:fishing_rod":53,"minecraft:cobblestone":183,"minecraft:cooked_porkchop":3,"minecraft:porkchop":1,"minecraft:bucket":80,"minecraft:glass_pane":32,"alexsmobs:animal_dictionary":1,"minecraft:jukebox":1,"minecraft:candle":5}},"DataVersion":3465}