{"stats":{"minecraft:mined":{"minecraft:dark_oak_planks":131,"minecraft:dark_oak_leaves":2,"alexsmobs:leafcutter_anthill":1,"minecraft:dark_oak_log":122,"minecraft:grass_block":34,"minecraft:jungle_log":6,"minecraft:rooted_dirt":1,"minecraft:furnace":4,"minecraft:fire":4,"minecraft:barrel":5,"minecraft:moss_carpet":1,"minecraft:flowering_azalea_leaves":3,"minecraft:stone":149,"minecraft:player_head":3,"minecraft:red_bed":4,"minecraft:clay":3,"minecraft:crafting_table":5,"minecraft:torch":4,"minecraft:chest":1,"minecraft:mushroom_stem":15,"minecraft:glass":4,"minecraft:cobblestone":12,"minecraft:sugar_cane":1,"minecraft:wall_torch":8,"minecraft:birch_planks":2,"minecraft:birch_log":9,"minecraft:lilac":2,"minecraft:grass":15,"minecraft:oak_log":12,"minecraft:coal_ore":19,"minecraft:beetroots":6,"minecraft:cocoa":2,"minecraft:dirt":6,"minecraft:sand":129,"minecraft:red_mushroom_block":3,"minecraft:oak_leaves":13},"minecraft:broken":{"minecraft:wooden_pickaxe":1,"minecraft:iron_axe":1},"minecraft:dropped":{"minecraft:iron_sword":2,"minecraft:crafting_table":1,"minecraft:red_mushroom":2,"minecraft:red_bed":1,"minecraft:torch":2,"minecraft:jungle_sapling":1,"minecraft:flowering_azalea":1,"minecraft:iron_pickaxe":1,"minecraft:rotten_flesh":7,"minecraft:wooden_pickaxe":1},"minecraft:crafted":{"minecraft:oak_door":3,"minecraft:oak_planks":44,"minecraft:stone_shovel":2,"minecraft:fishing_rod":1,"minecraft:glass":57,"minecraft:iron_axe":2,"minecraft:stone_pickaxe":2,"minecraft:chest":5,"minecraft:dark_oak_planks":352,"minecraft:dark_oak_stairs":8,"minecraft:crafting_table":1,"minecraft:wooden_pickaxe":1,"minecraft:iron_sword":1,"minecraft:cooked_salmon":1,"minecraft:copper_ingot":35,"minecraft:bucket":1,"minecraft:birch_planks":36,"minecraft:stone_axe":1,"minecraft:bread":1,"minecraft:air":0,"minecraft:stick":28,"minecraft:iron_pickaxe":2,"minecraft:torch":16},"minecraft:killed_by":{"minecraft:piglin_brute":3,"minecraft:creeper":1,"alexsmobs:leafcutter_ant":1,"minecraft:piglin":5,"minecraft:skeleton":1},"minecraft:killed":{"alexsmobs:lobster":6,"minecraft:spider":3,"alexsmobs:seagull":1,"minecraft:skeleton":5,"alexsmobs:leafcutter_ant":3,"minecraft:piglin_brute":2,"minecraft:piglin":3,"minecraft:zombie_villager":1,"alexsmobs:seal":3,"minecraft:creeper":2,"minecraft:zombie":12,"alexsmobs:terrapin":1,"alexsmobs:fly":5,"minecraft:player":1,"minecraft:cow":4},"minecraft:used":{"minecraft:beetroot":6,"minecraft:stone_shovel":161,"minecraft:chest":6,"minecraft:iron_sword":195,"minecraft:cooked_salmon":1,"minecraft:player_head":2,"minecraft:oak_door":2,"minecraft:torch":19,"minecraft:dirt":11,"minecraft:cocoa_beans":6,"minecraft:honey_bottle":8,"minecraft:glass":56,"minecraft:dark_oak_planks":461,"minecraft:lava_bucket":3,"minecraft:iron_axe":248,"minecraft:rooted_dirt":2,"minecraft:jungle_log":6,"minecraft:barrel":3,"minecraft:oak_sapling":2,"minecraft:furnace":3,"minecraft:dark_oak_stairs":6,"minecraft:stone_pickaxe":126,"minecraft:baked_potato":27,"minecraft:wooden_pickaxe":58,"minecraft:spruce_sign":1,"minecraft:sand":50,"minecraft:crafting_table":5,"minecraft:red_bed":2,"minecraft:oak_log":1,"minecraft:dark_oak_log":33,"minecraft:iron_pickaxe":3,"minecraft:stone_axe":9,"minecraft:cobblestone":132,"minecraft:bucket":2,"alexsmobs:animal_dictionary":1},"minecraft:custom":{"minecraft:mob_kills":51,"minecraft:interact_with_anvil":1,"minecraft:interact_with_crafting_table":39,"minecraft:open_barrel":56,"minecraft:time_since_death":61064,"minecraft:climb_one_cm":1160,"minecraft:sprint_one_cm":243930,"minecraft:walk_one_cm":555930,"minecraft:drop":18,"minecraft:play_time":115082,"minecraft:deaths":11,"minecraft:sneak_time":1534,"minecraft:walk_under_water_one_cm":21465,"minecraft:jump":1200,"minecraft:walk_on_water_one_cm":13055,"minecraft:total_world_time":115082,"minecraft:interact_with_furnace":49,"minecraft:sleep_in_bed":4,"minecraft:time_since_rest":11324,"minecraft:damage_taken":4625,"minecraft:damage_dealt":8225,"minecraft:swim_one_cm":1899,"minecraft:fly_one_cm":212530,"minecraft:player_kills":1,"minecraft:open_chest":13,"minecraft:crouch_one_cm":4781,"minecraft:fall_one_cm":26607},"minecraft:picked_up":{"minecraft:cocoa_beans":12,"minecraft:crafting_table":5,"minecraft:wheat":21,"minecraft:clay_ball":12,"minecraft:wooden_pickaxe":2,"minecraft:potion":1,"minecraft:enchanted_book":1,"minecraft:moss_carpet":4,"minecraft:string":21,"minecraft:red_bed":14,"minecraft:iron_axe":2,"minecraft:blackstone":10,"minecraft:beetroot":57,"minecraft:gold_nugget":10,"minecraft:bucket":1,"minecraft:beef":29,"minecraft:player_head":11,"minecraft:jungle_sapling":2,"minecraft:sugar_cane":9,"minecraft:chest":1,"minecraft:furnace":7,"minecraft:dark_oak_sapling":2,"minecraft:stick":9,"minecraft:torch":15,"minecraft:fire_charge":7,"minecraft:dark_oak_planks":131,"minecraft:honey_bottle":127,"minecraft:arrow":17,"minecraft:rotten_flesh":39,"minecraft:beetroot_seeds":100,"minecraft:gold_ingot":24,"alexsmobs:lobster_tail":2,"alexsmobs:flying_fish":1,"minecraft:cobblestone":162,"minecraft:birch_log":9,"minecraft:lilac":6,"minecraft:jungle_log":6,"minecraft:salmon":1,"minecraft:leather":19,"minecraft:red_mushroom":2,"minecraft:potato":208,"minecraft:birch_planks":51,"minecraft:oak_log":12,"minecraft:dirt":40,"minecraft:bone":8,"minecraft:wheat_seeds":28,"minecraft:iron_ingot":30,"minecraft:glass_bottle":3,"minecraft:soul_sand":4,"minecraft:flowering_azalea":2,"minecraft:honeycomb":58,"minecraft:iron_sword":24,"minecraft:oak_planks":60,"minecraft:quartz":84,"minecraft:lava_bucket":1,"minecraft:sand":129,"alexsmobs:animal_dictionary":6,"minecraft:dark_oak_log":210,"minecraft:barrel":12,"minecraft:granite":6,"minecraft:spruce_sign":1,"minecraft:emerald":1,"alexsmobs:maggot":23,"minecraft:rooted_dirt":3,"minecraft:baked_potato":177,"minecraft:oak_sapling":8,"minecraft:coal":28}},"DataVersion":3465}