{"stats":{"minecraft:mined":{"minecraft:red_bed":2,"minecraft:dark_oak_leaves":1,"minecraft:mushroom_stem":13,"minecraft:furnace":1,"minecraft:barrel":2,"minecraft:fire":4,"minecraft:moss_carpet":1,"minecraft:grass":4,"minecraft:oak_log":6,"minecraft:beetroots":6,"minecraft:player_head":2,"minecraft:oak_leaves":8},"minecraft:dropped":{"minecraft:iron_pickaxe":1},"minecraft:crafted":{"minecraft:oak_planks":24,"minecraft:iron_sword":1,"minecraft:bucket":1,"minecraft:iron_axe":1,"minecraft:stick":8,"minecraft:iron_pickaxe":2},"minecraft:killed_by":{"minecraft:piglin":4,"minecraft:piglin_brute":3,"minecraft:creeper":1},"minecraft:killed":{"minecraft:piglin":2,"minecraft:spider":2,"minecraft:zombie":5,"alexsmobs:fly":2,"minecraft:piglin_brute":2,"minecraft:cow":1},"minecraft:used":{"minecraft:baked_potato":6,"minecraft:iron_sword":93,"minecraft:spruce_sign":1,"minecraft:player_head":1,"minecraft:honey_bottle":2,"minecraft:lava_bucket":3,"minecraft:iron_axe":2,"minecraft:iron_pickaxe":3,"minecraft:oak_sapling":1,"minecraft:bucket":2,"alexsmobs:animal_dictionary":1},"minecraft:custom":{"minecraft:interact_with_furnace":4,"minecraft:interact_with_anvil":1,"minecraft:mob_kills":14,"minecraft:interact_with_crafting_table":1,"minecraft:open_barrel":6,"minecraft:time_since_death":1652,"minecraft:climb_one_cm":422,"minecraft:time_since_rest":1677,"minecraft:sprint_one_cm":73791,"minecraft:damage_taken":2860,"minecraft:walk_one_cm":99203,"minecraft:drop":1,"minecraft:damage_dealt":3567,"minecraft:swim_one_cm":90,"minecraft:fly_one_cm":56443,"minecraft:crouch_one_cm":6,"minecraft:sneak_time":10,"minecraft:play_time":19082,"minecraft:deaths":8,"minecraft:walk_under_water_one_cm":1838,"minecraft:jump":275,"minecraft:walk_on_water_one_cm":4466,"minecraft:total_world_time":19082,"minecraft:fall_one_cm":6022},"minecraft:picked_up":{"minecraft:wheat":12,"minecraft:salmon":1,"minecraft:leather":10,"minecraft:potato":130,"minecraft:potion":1,"minecraft:oak_log":6,"minecraft:red_bed":10,"minecraft:string":12,"minecraft:moss_carpet":4,"minecraft:iron_axe":1,"minecraft:blackstone":10,"minecraft:beetroot":12,"minecraft:wheat_seeds":12,"minecraft:gold_nugget":7,"minecraft:bucket":1,"minecraft:beef":23,"minecraft:iron_ingot":20,"minecraft:player_head":7,"minecraft:oak_planks":60,"minecraft:iron_sword":16,"minecraft:honeycomb":58,"minecraft:soul_sand":4,"minecraft:furnace":4,"minecraft:stick":5,"minecraft:quartz":48,"minecraft:lava_bucket":1,"minecraft:fire_charge":4,"minecraft:barrel":8,"alexsmobs:animal_dictionary":5,"minecraft:arrow":3,"minecraft:honey_bottle":100,"minecraft:rotten_flesh":24,"minecraft:beetroot_seeds":100,"minecraft:spruce_sign":1,"minecraft:gold_ingot":24,"alexsmobs:maggot":8,"minecraft:baked_potato":136,"minecraft:oak_sapling":6,"minecraft:coal":7}},"DataVersion":3465}