{"stats":{"minecraft:mined":{"minecraft:dark_oak_planks":131,"minecraft:dark_oak_leaves":1,"alexsmobs:leafcutter_anthill":1,"minecraft:dark_oak_log":114,"minecraft:rooted_dirt":1,"minecraft:furnace":4,"minecraft:fire":4,"minecraft:barrel":5,"minecraft:moss_carpet":1,"minecraft:flowering_azalea_leaves":3,"minecraft:stone":145,"minecraft:player_head":3,"minecraft:red_bed":4,"minecraft:crafting_table":5,"minecraft:torch":3,"minecraft:chest":1,"minecraft:mushroom_stem":15,"minecraft:cobblestone":12,"minecraft:sugar_cane":1,"minecraft:wall_torch":6,"minecraft:birch_planks":2,"minecraft:birch_log":9,"minecraft:lilac":2,"minecraft:grass":13,"minecraft:oak_log":12,"minecraft:coal_ore":7,"minecraft:beetroots":6,"minecraft:dirt":1,"minecraft:sand":88,"minecraft:oak_leaves":13},"minecraft:broken":{"minecraft:wooden_pickaxe":1,"minecraft:iron_axe":1},"minecraft:dropped":{"minecraft:iron_sword":2,"minecraft:crafting_table":1,"minecraft:red_bed":1,"minecraft:torch":2,"minecraft:jungle_sapling":1,"minecraft:flowering_azalea":1,"minecraft:iron_pickaxe":1,"minecraft:rotten_flesh":7,"minecraft:wooden_pickaxe":1},"minecraft:crafted":{"minecraft:oak_door":3,"minecraft:oak_planks":44,"minecraft:stone_shovel":2,"minecraft:fishing_rod":1,"minecraft:glass":30,"minecraft:iron_axe":2,"minecraft:stone_pickaxe":1,"minecraft:chest":5,"minecraft:dark_oak_planks":308,"minecraft:dark_oak_stairs":8,"minecraft:crafting_table":1,"minecraft:wooden_pickaxe":1,"minecraft:iron_sword":1,"minecraft:cooked_salmon":1,"minecraft:copper_ingot":35,"minecraft:bucket":1,"minecraft:birch_planks":36,"minecraft:bread":1,"minecraft:air":0,"minecraft:stick":24,"minecraft:iron_pickaxe":2,"minecraft:torch":16},"minecraft:killed_by":{"minecraft:piglin_brute":3,"minecraft:creeper":1,"alexsmobs:leafcutter_ant":1,"minecraft:piglin":5,"minecraft:skeleton":1},"minecraft:killed":{"alexsmobs:lobster":1,"minecraft:spider":3,"minecraft:skeleton":4,"minecraft:piglin_brute":2,"minecraft:piglin":3,"minecraft:zombie_villager":1,"alexsmobs:seal":2,"minecraft:creeper":2,"minecraft:zombie":12,"alexsmobs:fly":5,"minecraft:player":1,"minecraft:cow":1},"minecraft:used":{"minecraft:beetroot":6,"minecraft:stone_shovel":84,"minecraft:chest":6,"minecraft:iron_sword":167,"minecraft:cooked_salmon":1,"minecraft:player_head":2,"minecraft:oak_door":2,"minecraft:torch":15,"minecraft:dirt":1,"minecraft:honey_bottle":8,"minecraft:glass":30,"minecraft:dark_oak_planks":380,"minecraft:lava_bucket":3,"minecraft:iron_axe":248,"minecraft:rooted_dirt":2,"minecraft:barrel":3,"minecraft:oak_sapling":2,"minecraft:furnace":3,"minecraft:dark_oak_stairs":6,"minecraft:stone_pickaxe":110,"minecraft:baked_potato":21,"minecraft:wooden_pickaxe":58,"minecraft:spruce_sign":1,"minecraft:sand":9,"minecraft:crafting_table":5,"minecraft:red_bed":2,"minecraft:oak_log":1,"minecraft:dark_oak_log":29,"minecraft:iron_pickaxe":3,"minecraft:cobblestone":132,"minecraft:bucket":2,"alexsmobs:animal_dictionary":1},"minecraft:custom":{"minecraft:mob_kills":36,"minecraft:interact_with_anvil":1,"minecraft:interact_with_crafting_table":35,"minecraft:open_barrel":42,"minecraft:time_since_death":37064,"minecraft:climb_one_cm":834,"minecraft:sprint_one_cm":194467,"minecraft:walk_one_cm":450413,"minecraft:drop":16,"minecraft:play_time":91082,"minecraft:deaths":11,"minecraft:sneak_time":1271,"minecraft:walk_under_water_one_cm":5873,"minecraft:jump":946,"minecraft:walk_on_water_one_cm":6117,"minecraft:total_world_time":91082,"minecraft:interact_with_furnace":32,"minecraft:sleep_in_bed":3,"minecraft:time_since_rest":16534,"minecraft:damage_taken":4470,"minecraft:damage_dealt":6941,"minecraft:swim_one_cm":1260,"minecraft:fly_one_cm":166470,"minecraft:player_kills":1,"minecraft:open_chest":2,"minecraft:crouch_one_cm":4502,"minecraft:fall_one_cm":21245},"minecraft:picked_up":{"minecraft:crafting_table":5,"minecraft:wheat":21,"minecraft:wooden_pickaxe":2,"minecraft:potion":1,"minecraft:enchanted_book":1,"minecraft:moss_carpet":4,"minecraft:string":21,"minecraft:red_bed":14,"minecraft:iron_axe":2,"minecraft:blackstone":10,"minecraft:beetroot":57,"minecraft:gold_nugget":10,"minecraft:bucket":1,"minecraft:beef":23,"minecraft:player_head":11,"minecraft:jungle_sapling":2,"minecraft:sugar_cane":9,"minecraft:chest":1,"minecraft:furnace":7,"minecraft:dark_oak_sapling":2,"minecraft:stick":9,"minecraft:torch":11,"minecraft:fire_charge":7,"minecraft:dark_oak_planks":130,"minecraft:honey_bottle":127,"minecraft:arrow":15,"minecraft:rotten_flesh":39,"minecraft:beetroot_seeds":100,"minecraft:gold_ingot":24,"alexsmobs:flying_fish":1,"minecraft:cobblestone":158,"minecraft:birch_log":9,"minecraft:lilac":6,"minecraft:salmon":1,"minecraft:leather":16,"minecraft:potato":208,"minecraft:birch_planks":51,"minecraft:oak_log":12,"minecraft:dirt":1,"minecraft:bone":7,"minecraft:wheat_seeds":28,"minecraft:iron_ingot":30,"minecraft:glass_bottle":3,"minecraft:soul_sand":4,"minecraft:flowering_azalea":2,"minecraft:honeycomb":58,"minecraft:iron_sword":24,"minecraft:oak_planks":60,"minecraft:quartz":84,"minecraft:lava_bucket":1,"minecraft:sand":88,"alexsmobs:animal_dictionary":6,"minecraft:dark_oak_log":202,"minecraft:barrel":12,"minecraft:granite":6,"minecraft:spruce_sign":1,"minecraft:emerald":1,"alexsmobs:maggot":23,"minecraft:rooted_dirt":3,"minecraft:baked_potato":176,"minecraft:oak_sapling":8,"minecraft:coal":16}},"DataVersion":3465}