{"stats":{"minecraft:mined":{"minecraft:furnace":1,"minecraft:red_bed":2,"minecraft:fire":4,"minecraft:barrel":2,"minecraft:moss_carpet":1,"minecraft:grass":2,"minecraft:oak_log":6,"minecraft:beetroots":6,"minecraft:mushroom_stem":7,"minecraft:player_head":2,"minecraft:oak_leaves":3},"minecraft:dropped":{"minecraft:iron_pickaxe":1},"minecraft:crafted":{"minecraft:oak_planks":24,"minecraft:iron_axe":1,"minecraft:stick":8,"minecraft:iron_pickaxe":2,"minecraft:iron_sword":1,"minecraft:bucket":1},"minecraft:killed":{"minecraft:piglin_brute":2,"minecraft:cow":1},"minecraft:used":{"minecraft:iron_axe":2,"minecraft:baked_potato":1,"minecraft:iron_pickaxe":3,"minecraft:iron_sword":22,"minecraft:player_head":1,"minecraft:oak_sapling":1,"alexsmobs:animal_dictionary":1},"minecraft:custom":{"minecraft:time_since_rest":7082,"minecraft:interact_with_furnace":3,"minecraft:sprint_one_cm":9968,"minecraft:damage_taken":75,"minecraft:walk_one_cm":35056,"minecraft:mob_kills":3,"minecraft:interact_with_anvil":1,"minecraft:drop":1,"minecraft:damage_dealt":719,"minecraft:interact_with_crafting_table":1,"minecraft:fly_one_cm":7550,"minecraft:open_barrel":4,"minecraft:crouch_one_cm":6,"minecraft:play_time":7082,"minecraft:sneak_time":10,"minecraft:jump":38,"minecraft:time_since_death":7082,"minecraft:total_world_time":7082,"minecraft:fall_one_cm":209},"minecraft:picked_up":{"minecraft:leather":2,"minecraft:oak_log":6,"minecraft:moss_carpet":1,"minecraft:barrel":2,"minecraft:red_bed":2,"minecraft:beetroot":6,"minecraft:beetroot_seeds":20,"minecraft:gold_nugget":2,"minecraft:beef":2,"minecraft:player_head":2,"minecraft:oak_sapling":2,"minecraft:furnace":1}},"DataVersion":3465}