{"stats":{"minecraft:broken":{"minecraft:golden_leggings":1,"minecraft:stone_pickaxe":2,"minecraft:stone_shovel":6,"minecraft:wooden_pickaxe":1,"minecraft:iron_axe":1},"minecraft:custom":{"minecraft:interact_with_crafting_table":105,"minecraft:open_barrel":261,"minecraft:bell_ring":1,"minecraft:leave_game":2,"minecraft:time_since_death":34428,"minecraft:sprint_one_cm":956638,"minecraft:damage_blocked_by_shield":120,"minecraft:drop":64,"minecraft:talked_to_villager":1,"minecraft:play_time":459562,"minecraft:deaths":23,"minecraft:jump":6181,"minecraft:walk_on_water_one_cm":79736,"minecraft:interact_with_furnace":179,"minecraft:interact_with_loom":1,"minecraft:sleep_in_bed":17,"minecraft:damage_dealt":27726,"minecraft:player_kills":1,"minecraft:crouch_one_cm":12407,"minecraft:interact_with_smoker":33,"minecraft:horse_one_cm":67,"minecraft:mob_kills":200,"minecraft:interact_with_anvil":1,"minecraft:damage_dealt_resisted":44,"minecraft:climb_one_cm":3217,"minecraft:walk_one_cm":2009463,"minecraft:sneak_time":4641,"minecraft:walk_under_water_one_cm":89105,"minecraft:boat_one_cm":263956,"minecraft:interact_with_blast_furnace":24,"minecraft:total_world_time":459562,"minecraft:pot_flower":3,"minecraft:time_since_rest":1585,"minecraft:damage_taken":10749,"minecraft:swim_one_cm":101086,"minecraft:fly_one_cm":1231902,"minecraft:open_chest":233,"minecraft:fish_caught":6,"minecraft:fall_one_cm":175063},"minecraft:picked_up":{"minecraft:iron_chestplate":1,"minecraft:wheat":169,"minecraft:flower_pot":3,"minecraft:lead":1,"minecraft:potion":1,"minecraft:enchanted_book":2,"minecraft:brewing_stand":2,"travelersbackpack:spider":2,"minecraft:string":46,"minecraft:raw_copper":13,"minecraft:iron_leggings":2,"minecraft:red_candle":9,"minecraft:oak_sign":1,"minecraft:beetroot":76,"minecraft:gold_nugget":19,"minecraft:cobbled_deepslate":64,"bosses_of_mass_destruction:soul_star":1,"minecraft:bucket":5,"minecraft:dark_oak_leaves":27,"minecraft:rose_bush":6,"minecraft:iron_pickaxe":1,"minecraft:coal_block":18,"alexsmobs:leafcutter_ant_chamber":2,"minecraft:iron_boots":1,"minecraft:furnace":8,"minecraft:stick":11,"minecraft:jukebox":3,"minecraft:composter":1,"minecraft:torch":84,"minecraft:acacia_log":7,"minecraft:porkchop":2,"minecraft:dried_kelp":23,"minecraft:diorite":2,"minecraft:honey_bottle":141,"minecraft:rotten_flesh":88,"minecraft:red_tulip":4,"minecraft:carved_pumpkin":1,"minecraft:cod":4,"alexsmobs:lobster_tail":16,"alexsmobs:flying_fish":7,"minecraft:cobblestone":386,"minecraft:birch_log":16,"minecraft:cooked_beef":33,"minecraft:feather":14,"minecraft:lilac":19,"minecraft:water_bucket":3,"minecraft:jungle_log":6,"minecraft:golden_leggings":4,"minecraft:potato":247,"minecraft:flint":13,"minecraft:dirt":211,"minecraft:lapis_lazuli":12,"minecraft:glass":1,"minecraft:bone":21,"minecraft:bow":6,"minecraft:wheat_seeds":408,"minecraft:bell":4,"alexsmobs:gongylidia":1,"minecraft:oak_planks":67,"minecraft:honeycomb":58,"minecraft:cooked_porkchop":2,"minecraft:jungle_planks":1,"minecraft:sand":752,"minecraft:ink_sac":4,"alexsmobs:animal_dictionary":6,"minecraft:barrel":25,"minecraft:jungle_slab":2,"minecraft:dark_oak_log":274,"minecraft:diamond":1,"minecraft:granite":8,"alexsmobs:maggot":50,"minecraft:spruce_sign":1,"minecraft:bread":5,"minecraft:emerald":7,"minecraft:rooted_dirt":3,"minecraft:oak_sapling":8,"minecraft:netherrack":1,"minecraft:dark_oak_fence":9,"minecraft:oak_leaves":13,"minecraft:fishing_rod":3,"minecraft:cocoa_beans":12,"minecraft:crafting_table":8,"minecraft:coarse_dirt":17,"minecraft:allium":3,"minecraft:azure_bluet":2,"minecraft:chicken":6,"minecraft:clay_ball":12,"minecraft:brown_mushroom":14,"minecraft:wooden_pickaxe":2,"minecraft:shield":1,"minecraft:cornflower":6,"minecraft:red_bed":14,"minecraft:moss_carpet":4,"minecraft:iron_axe":2,"minecraft:blackstone":10,"minecraft:candle":4,"minecraft:beef":58,"minecraft:player_head":18,"minecraft:jungle_sapling":2,"minecraft:iron_nugget":8,"minecraft:poppy":16,"minecraft:chest":8,"minecraft:sugar_cane":107,"minecraft:egg":5,"minecraft:dark_oak_sapling":3,"minecraft:raw_iron":41,"minecraft:sandstone":37,"minecraft:oak_door":1,"minecraft:copper_ingot":39,"minecraft:bowl":2,"minecraft:fire_charge":8,"minecraft:carrot":1,"minecraft:dark_oak_planks":140,"minecraft:arrow":71,"minecraft:cooked_cod":6,"minecraft:stone_shovel":10,"minecraft:beetroot_seeds":150,"minecraft:shears":2,"minecraft:gold_ingot":24,"minecraft:mutton":14,"minecraft:white_wool":18,"minecraft:oxeye_daisy":2,"minecraft:salmon":3,"minecraft:leather":37,"minecraft:red_mushroom":10,"minecraft:birch_planks":56,"minecraft:oak_log":51,"minecraft:cobblestone_wall":13,"minecraft:gunpowder":8,"minecraft:kelp":149,"minecraft:spore_blossom":1,"minecraft:iron_ingot":40,"minecraft:stone_pickaxe":9,"minecraft:cooked_chicken":3,"minecraft:glass_bottle":7,"minecraft:soul_sand":4,"minecraft:flowering_azalea":2,"minecraft:iron_sword":36,"minecraft:dark_oak_stairs":2,"minecraft:book":6,"minecraft:birch_boat":2,"minecraft:quartz":96,"minecraft:dandelion":16,"minecraft:gravel":55,"minecraft:lava_bucket":2,"minecraft:blast_furnace":1,"minecraft:white_bed":1,"minecraft:dark_oak_fence_gate":1,"minecraft:spider_eye":5,"minecraft:stone_axe":8,"minecraft:baked_potato":327,"minecraft:coal":165},"minecraft:killed_by":{"minecraft:piglin_brute":8,"minecraft:creeper":1,"alexsmobs:leafcutter_ant":1,"cataclysm:deepling":1,"minecraft:piglin":6,"minecraft:zombie":2,"minecraft:skeleton":4},"minecraft:dropped":{"minecraft:iron_sword":2,"minecraft:brown_mushroom":8,"minecraft:crafting_table":1,"minecraft:cooked_porkchop":2,"minecraft:red_mushroom":7,"minecraft:red_bed":1,"minecraft:dark_oak_log":10,"minecraft:jungle_sapling":1,"minecraft:iron_pickaxe":1,"minecraft:white_wool":10,"minecraft:cobbled_deepslate":64,"minecraft:rotten_flesh":11,"minecraft:azure_bluet":1,"minecraft:beetroot_seeds":101,"minecraft:wheat_seeds":193,"minecraft:book":6,"minecraft:torch":2,"minecraft:iron_leggings":2,"minecraft:flowering_azalea":1,"minecraft:coarse_dirt":17,"minecraft:iron_boots":1,"minecraft:shield":1,"minecraft:iron_chestplate":1,"minecraft:stone_pickaxe":1,"minecraft:wooden_pickaxe":1},"minecraft:crafted":{"minecraft:brick":12,"securitycraft:mine":12,"minecraft:oak_planks":200,"minecraft:birch_boat":2,"minecraft:cooked_chicken":3,"minecraft:cobblestone_stairs":4,"minecraft:stone":3,"minecraft:cooked_mutton":2,"minecraft:glass":110,"minecraft:bow":2,"minecraft:chest":5,"minecraft:stone_hoe":1,"minecraft:flower_pot":2,"minecraft:arrow":16,"securitycraft:sand_mine":12,"minecraft:crafting_table":3,"minecraft:wooden_pickaxe":1,"minecraft:baked_potato":27,"travelersbackpack:standard":1,"minecraft:copper_ingot":35,"minecraft:birch_planks":64,"minecraft:shield":1,"minecraft:stick":100,"minecraft:iron_ingot":42,"minecraft:iron_pickaxe":2,"minecraft:dark_oak_fence_gate":2,"minecraft:shears":1,"minecraft:oak_door":3,"minecraft:stone_shovel":7,"minecraft:fishing_rod":1,"minecraft:furnace":1,"minecraft:bone_meal":6,"minecraft:glass_pane":32,"minecraft:dark_oak_fence":39,"minecraft:iron_axe":2,"minecraft:cobblestone_wall":48,"minecraft:stone_pickaxe":5,"minecraft:dark_oak_planks":508,"travelersbackpack:spider":1,"minecraft:cooked_beef":6,"minecraft:cooked_cod":4,"minecraft:dark_oak_stairs":8,"alexsmobs:cooked_lobster_tail":11,"minecraft:dried_kelp":49,"minecraft:iron_sword":1,"minecraft:cooked_salmon":1,"minecraft:bucket":2,"minecraft:stone_axe":2,"minecraft:bread":9,"minecraft:air":0,"minecraft:oak_stairs":4,"minecraft:white_bed":2,"minecraft:torch":32},"minecraft:killed":{"alexsmobs:lobster":28,"minecraft:spider":20,"minecraft:skeleton":11,"alexsmobs:leafcutter_ant":3,"minecraft:chicken":7,"minecraft:piglin_brute":8,"minecraft:piglin":3,"minecraft:pig":1,"minecraft:zombie_villager":1,"alexsmobs:seal":5,"minecraft:creeper":7,"minecraft:sheep":8,"minecraft:pillager":4,"minecraft:zombie":49,"alexsmobs:terrapin":1,"alexsmobs:fly":11,"minecraft:cow":15,"alexsmobs:raccoon":2,"alexsmobs:seagull":3,"alexsmobs:sugar_glider":1,"alexsmobs:flying_fish":5,"friendsandfoes:copper_golem":2,"minecraft:squid":1,"alexsmobs:catfish":1,"alexsmobs:crow":2,"minecraft:player":1},"minecraft:used":{"minecraft:beetroot":6,"minecraft:oak_sign":1,"minecraft:chest":13,"minecraft:shield":2,"minecraft:iron_sword":601,"minecraft:bell":1,"minecraft:player_head":2,"minecraft:rotten_flesh":8,"minecraft:cocoa_beans":6,"minecraft:jungle_planks":1,"minecraft:jungle_slab":2,"minecraft:allium":1,"minecraft:honey_bottle":8,"minecraft:glass":57,"minecraft:lava_bucket":7,"alexsmobs:lobster_tail":1,"alexsmobs:cooked_lobster_tail":11,"minecraft:dark_oak_leaves":13,"minecraft:bow":30,"minecraft:furnace":5,"minecraft:oak_sapling":2,"minecraft:cooked_cod":4,"minecraft:beetroot_seeds":29,"minecraft:egg":4,"minecraft:potato":41,"minecraft:dark_oak_sapling":1,"travelersbackpack:spider":4,"minecraft:dark_oak_stairs":6,"minecraft:diorite":2,"minecraft:oak_planks":124,"minecraft:stone_pickaxe":418,"minecraft:wooden_pickaxe":58,"minecraft:sandstone":8,"minecraft:composter":1,"minecraft:sugar_cane":3,"minecraft:oak_leaves":13,"minecraft:sand":288,"minecraft:blast_furnace":1,"minecraft:shears":28,"minecraft:dark_oak_log":33,"minecraft:bread":10,"minecraft:gravel":41,"minecraft:lilac":13,"minecraft:dark_oak_fence":48,"alexsmobs:leafcutter_ant_chamber":2,"minecraft:coarse_dirt":1,"minecraft:rose_bush":2,"minecraft:stone_shovel":868,"minecraft:dried_kelp":49,"minecraft:cooked_chicken":3,"minecraft:cooked_salmon":1,"minecraft:stone_hoe":10,"minecraft:netherrack":1,"minecraft:oak_door":2,"minecraft:torch":79,"minecraft:brewing_stand":2,"minecraft:dirt":149,"minecraft:cobblestone_wall":61,"minecraft:granite":2,"minecraft:dark_oak_planks":539,"alexsmobs:maggot":9,"minecraft:iron_axe":248,"minecraft:oak_stairs":4,"minecraft:rooted_dirt":2,"minecraft:jungle_log":6,"minecraft:barrel":14,"securitycraft:sand_mine":12,"minecraft:cooked_beef":1,"minecraft:wheat_seeds":186,"minecraft:cooked_mutton":1,"minecraft:water_bucket":17,"minecraft:cobblestone_stairs":4,"minecraft:birch_planks":15,"minecraft:baked_potato":47,"minecraft:birch_boat":4,"minecraft:spruce_sign":1,"minecraft:crafting_table":10,"minecraft:red_bed":2,"minecraft:white_bed":3,"minecraft:dark_oak_fence_gate":3,"minecraft:oak_log":1,"alexsmobs:flying_fish":5,"minecraft:flower_pot":5,"minecraft:iron_pickaxe":3,"minecraft:stone_axe":148,"minecraft:fishing_rod":12,"minecraft:cobblestone":155,"minecraft:porkchop":1,"minecraft:bucket":25,"minecraft:glass_pane":32,"alexsmobs:animal_dictionary":1,"minecraft:jukebox":1},"minecraft:mined":{"minecraft:dark_oak_planks":136,"minecraft:white_bed":1,"minecraft:jungle_slab":2,"alexsmobs:leafcutter_anthill":1,"minecraft:brewing_stand":2,"minecraft:carved_pumpkin":1,"minecraft:acacia_log":7,"minecraft:grass_block":120,"minecraft:jungle_log":6,"minecraft:coal_block":6,"minecraft:composter":1,"minecraft:oxeye_daisy":1,"minecraft:spawner":1,"minecraft:tall_seagrass":5,"minecraft:fire":8,"minecraft:iron_ore":35,"minecraft:barrel":14,"minecraft:moss_carpet":1,"minecraft:azure_bluet":1,"minecraft:red_tulip":1,"minecraft:oak_sign":1,"minecraft:flowering_azalea_leaves":3,"minecraft:player_head":3,"minecraft:red_bed":4,"minecraft:kelp_plant":56,"minecraft:powder_snow":11,"minecraft:clay":3,"minecraft:torch":20,"minecraft:blast_furnace":1,"minecraft:poppy":8,"minecraft:chest":8,"minecraft:mushroom_stem":37,"minecraft:glass":5,"minecraft:cobblestone":20,"minecraft:oak_planks":7,"minecraft:sugar_cane":51,"minecraft:wall_torch":21,"minecraft:red_candle":1,"minecraft:birch_log":16,"minecraft:wheat":145,"minecraft:lilac":17,"minecraft:jukebox":1,"minecraft:grass":55,"minecraft:oak_log":51,"minecraft:beetroots":27,"minecraft:sand":701,"minecraft:dirt":54,"minecraft:red_mushroom_block":18,"minecraft:netherrack":1,"minecraft:oak_leaves":45,"minecraft:dark_oak_leaves":15,"minecraft:dark_oak_log":157,"minecraft:dark_oak_fence":9,"minecraft:allium":2,"minecraft:jungle_planks":1,"alexsmobs:leafcutter_ant_chamber":2,"minecraft:brown_mushroom_block":24,"minecraft:moss_block":1,"minecraft:kelp":19,"minecraft:sandstone":41,"minecraft:rooted_dirt":1,"minecraft:spore_blossom":1,"minecraft:furnace":5,"minecraft:dark_oak_fence_gate":1,"minecraft:bell":1,"minecraft:potatoes":13,"minecraft:stone":241,"travelersbackpack:spider":2,"minecraft:potted_allium":1,"minecraft:glass_pane":32,"minecraft:dandelion":9,"minecraft:crafting_table":8,"minecraft:cornflower":3,"minecraft:rose_bush":3,"minecraft:tall_grass":7,"minecraft:copper_ore":3,"minecraft:diorite":2,"minecraft:birch_planks":7,"minecraft:coarse_dirt":17,"minecraft:cobblestone_wall":13,"minecraft:birch_leaves":1,"minecraft:coal_ore":98,"minecraft:cocoa":2,"minecraft:flower_pot":2,"minecraft:gravel":61,"minecraft:small_dripleaf":2}},"DataVersion":3465}