{"stats":{"minecraft:mined":{"minecraft:red_bed":4,"minecraft:dark_oak_leaves":1,"alexsmobs:leafcutter_anthill":1,"minecraft:dark_oak_log":105,"minecraft:crafting_table":3,"minecraft:mushroom_stem":15,"minecraft:sugar_cane":1,"minecraft:rooted_dirt":1,"minecraft:furnace":1,"minecraft:birch_log":9,"minecraft:barrel":4,"minecraft:fire":4,"minecraft:lilac":2,"minecraft:moss_carpet":1,"minecraft:grass":13,"minecraft:flowering_azalea_leaves":3,"minecraft:oak_log":7,"minecraft:beetroots":6,"minecraft:dirt":1,"minecraft:player_head":3,"minecraft:oak_leaves":13},"minecraft:dropped":{"minecraft:iron_sword":2,"minecraft:crafting_table":1,"minecraft:rotten_flesh":6,"minecraft:red_bed":1,"minecraft:jungle_sapling":1,"minecraft:flowering_azalea":1,"minecraft:iron_pickaxe":1},"minecraft:crafted":{"minecraft:oak_planks":24,"minecraft:crafting_table":1,"minecraft:iron_sword":1,"minecraft:bucket":1,"minecraft:birch_planks":36,"minecraft:iron_axe":2,"minecraft:stick":16,"minecraft:iron_pickaxe":2,"minecraft:dark_oak_planks":4,"minecraft:torch":4},"minecraft:killed_by":{"minecraft:piglin":5,"minecraft:piglin_brute":3,"minecraft:creeper":1,"alexsmobs:leafcutter_ant":1},"minecraft:killed":{"minecraft:piglin":3,"alexsmobs:seal":2,"minecraft:spider":2,"minecraft:creeper":1,"minecraft:skeleton":2,"minecraft:zombie":5,"alexsmobs:fly":4,"minecraft:player":1,"minecraft:piglin_brute":2,"minecraft:cow":1},"minecraft:used":{"minecraft:beetroot":6,"minecraft:baked_potato":9,"minecraft:iron_sword":123,"minecraft:spruce_sign":1,"minecraft:player_head":2,"minecraft:dirt":1,"minecraft:crafting_table":2,"minecraft:red_bed":2,"minecraft:honey_bottle":8,"minecraft:oak_log":1,"minecraft:lava_bucket":3,"minecraft:rooted_dirt":2,"minecraft:iron_axe":109,"minecraft:iron_pickaxe":3,"minecraft:barrel":1,"minecraft:oak_sapling":2,"minecraft:bucket":2,"alexsmobs:animal_dictionary":1},"minecraft:custom":{"minecraft:interact_with_furnace":5,"minecraft:interact_with_anvil":1,"minecraft:mob_kills":22,"minecraft:interact_with_crafting_table":10,"minecraft:open_barrel":10,"minecraft:time_since_death":17456,"minecraft:sleep_in_bed":2,"minecraft:climb_one_cm":834,"minecraft:time_since_rest":9300,"minecraft:sprint_one_cm":154177,"minecraft:damage_taken":3560,"minecraft:walk_one_cm":188843,"minecraft:drop":13,"minecraft:damage_dealt":4671,"minecraft:player_kills":1,"minecraft:swim_one_cm":90,"minecraft:fly_one_cm":134753,"minecraft:crouch_one_cm":1222,"minecraft:sneak_time":398,"minecraft:play_time":43082,"minecraft:deaths":10,"minecraft:walk_under_water_one_cm":3247,"minecraft:jump":643,"minecraft:walk_on_water_one_cm":5757,"minecraft:total_world_time":43082,"minecraft:fall_one_cm":15373},"minecraft:picked_up":{"minecraft:birch_log":9,"minecraft:crafting_table":3,"minecraft:wheat":18,"minecraft:lilac":2,"minecraft:salmon":1,"minecraft:leather":14,"minecraft:potato":182,"minecraft:potion":1,"minecraft:oak_log":7,"minecraft:dirt":1,"minecraft:red_bed":14,"minecraft:string":18,"minecraft:moss_carpet":4,"minecraft:iron_axe":1,"minecraft:bone":2,"minecraft:blackstone":10,"minecraft:beetroot":44,"minecraft:wheat_seeds":19,"minecraft:gold_nugget":9,"minecraft:bucket":1,"minecraft:beef":23,"minecraft:iron_ingot":30,"minecraft:player_head":10,"minecraft:jungle_sapling":2,"minecraft:glass_bottle":3,"minecraft:sugar_cane":6,"minecraft:oak_planks":60,"minecraft:iron_sword":22,"minecraft:honeycomb":58,"minecraft:flowering_azalea":2,"minecraft:soul_sand":4,"minecraft:furnace":4,"minecraft:dark_oak_sapling":1,"minecraft:stick":7,"minecraft:quartz":72,"minecraft:lava_bucket":1,"minecraft:fire_charge":6,"minecraft:dark_oak_log":104,"minecraft:barrel":11,"alexsmobs:animal_dictionary":6,"minecraft:arrow":7,"minecraft:honey_bottle":119,"minecraft:rotten_flesh":36,"minecraft:beetroot_seeds":100,"minecraft:spruce_sign":1,"minecraft:gold_ingot":24,"minecraft:rooted_dirt":3,"alexsmobs:maggot":16,"minecraft:baked_potato":136,"minecraft:oak_sapling":8,"minecraft:coal":9}},"DataVersion":3465}