{"stats":{"minecraft:mined":{"minecraft:dark_oak_planks":131,"minecraft:dark_oak_leaves":15,"minecraft:jungle_slab":2,"alexsmobs:leafcutter_anthill":1,"minecraft:dark_oak_log":135,"minecraft:grass_block":34,"minecraft:jungle_planks":1,"minecraft:jungle_log":6,"alexsmobs:leafcutter_ant_chamber":2,"minecraft:sandstone":10,"minecraft:rooted_dirt":1,"minecraft:furnace":4,"minecraft:iron_ore":1,"minecraft:fire":4,"minecraft:barrel":8,"minecraft:moss_carpet":1,"minecraft:flowering_azalea_leaves":3,"minecraft:stone":159,"minecraft:player_head":3,"minecraft:red_bed":4,"minecraft:powder_snow":10,"minecraft:clay":3,"minecraft:crafting_table":7,"minecraft:torch":12,"minecraft:chest":2,"minecraft:mushroom_stem":15,"minecraft:tall_grass":2,"minecraft:glass":4,"minecraft:cobblestone":12,"minecraft:sugar_cane":1,"minecraft:wall_torch":13,"minecraft:birch_planks":2,"minecraft:coarse_dirt":17,"minecraft:birch_log":14,"minecraft:lilac":2,"minecraft:grass":28,"minecraft:oak_log":12,"minecraft:coal_ore":33,"minecraft:beetroots":6,"minecraft:cocoa":2,"minecraft:gravel":8,"minecraft:flower_pot":2,"minecraft:dirt":10,"minecraft:sand":153,"minecraft:red_mushroom_block":3,"minecraft:oak_leaves":28},"minecraft:broken":{"minecraft:wooden_pickaxe":1,"minecraft:stone_pickaxe":1,"minecraft:iron_axe":1},"minecraft:dropped":{"minecraft:iron_sword":2,"minecraft:crafting_table":1,"minecraft:red_mushroom":2,"minecraft:red_bed":1,"minecraft:torch":2,"minecraft:jungle_sapling":1,"minecraft:flowering_azalea":1,"minecraft:iron_pickaxe":1,"minecraft:white_wool":10,"minecraft:coarse_dirt":17,"minecraft:rotten_flesh":7,"minecraft:stone_pickaxe":1,"minecraft:wooden_pickaxe":1},"minecraft:crafted":{"minecraft:brick":12,"minecraft:oak_door":3,"minecraft:oak_planks":44,"minecraft:stone_shovel":2,"minecraft:fishing_rod":1,"minecraft:birch_boat":1,"minecraft:stone":3,"minecraft:glass":79,"minecraft:bow":1,"minecraft:iron_axe":2,"minecraft:stone_pickaxe":2,"minecraft:chest":5,"minecraft:dark_oak_planks":352,"minecraft:stone_hoe":1,"minecraft:flower_pot":2,"minecraft:cooked_beef":6,"minecraft:dark_oak_stairs":8,"alexsmobs:cooked_lobster_tail":2,"minecraft:crafting_table":2,"minecraft:baked_potato":26,"minecraft:wooden_pickaxe":1,"minecraft:iron_sword":1,"minecraft:cooked_salmon":1,"minecraft:copper_ingot":35,"minecraft:bucket":1,"minecraft:birch_planks":56,"minecraft:stone_axe":1,"minecraft:bread":1,"minecraft:air":0,"minecraft:stick":36,"minecraft:iron_ingot":8,"minecraft:iron_pickaxe":2,"minecraft:torch":16,"minecraft:shears":1},"minecraft:killed_by":{"minecraft:piglin_brute":3,"minecraft:creeper":1,"alexsmobs:leafcutter_ant":1,"minecraft:piglin":5,"minecraft:skeleton":3,"minecraft:zombie":1},"minecraft:killed":{"alexsmobs:lobster":6,"alexsmobs:raccoon":1,"minecraft:spider":8,"alexsmobs:seagull":2,"minecraft:skeleton":8,"alexsmobs:leafcutter_ant":3,"minecraft:piglin_brute":2,"minecraft:piglin":3,"minecraft:zombie_villager":1,"alexsmobs:seal":4,"minecraft:creeper":4,"minecraft:zombie":22,"alexsmobs:terrapin":1,"alexsmobs:fly":8,"alexsmobs:crow":2,"minecraft:player":1,"minecraft:cow":12},"minecraft:used":{"minecraft:beetroot":6,"minecraft:stone_shovel":216,"minecraft:chest":7,"minecraft:iron_sword":315,"minecraft:stone_hoe":10,"minecraft:cooked_salmon":1,"minecraft:player_head":2,"minecraft:oak_door":2,"minecraft:torch":33,"minecraft:dirt":32,"minecraft:cocoa_beans":6,"minecraft:jungle_planks":1,"minecraft:jungle_slab":2,"minecraft:granite":2,"minecraft:honey_bottle":8,"minecraft:glass":56,"minecraft:dark_oak_planks":461,"minecraft:lava_bucket":3,"alexsmobs:cooked_lobster_tail":2,"minecraft:iron_axe":248,"minecraft:rooted_dirt":2,"minecraft:jungle_log":6,"minecraft:dark_oak_leaves":13,"minecraft:barrel":8,"minecraft:bow":4,"minecraft:oak_sapling":2,"minecraft:furnace":3,"minecraft:dark_oak_sapling":1,"minecraft:wheat_seeds":10,"minecraft:water_bucket":3,"minecraft:dark_oak_stairs":6,"minecraft:birch_planks":10,"minecraft:stone_pickaxe":163,"minecraft:baked_potato":41,"minecraft:birch_boat":1,"minecraft:wooden_pickaxe":58,"minecraft:sandstone":6,"minecraft:spruce_sign":1,"minecraft:sugar_cane":3,"minecraft:oak_leaves":13,"minecraft:sand":56,"minecraft:crafting_table":8,"minecraft:red_bed":2,"minecraft:shears":28,"minecraft:oak_log":1,"alexsmobs:flying_fish":1,"minecraft:flower_pot":4,"minecraft:dark_oak_log":33,"minecraft:iron_pickaxe":3,"minecraft:gravel":1,"minecraft:stone_axe":37,"minecraft:cobblestone":133,"minecraft:bucket":5,"alexsmobs:animal_dictionary":1,"alexsmobs:leafcutter_ant_chamber":2},"minecraft:custom":{"minecraft:mob_kills":87,"minecraft:interact_with_anvil":1,"minecraft:interact_with_crafting_table":55,"minecraft:open_barrel":103,"minecraft:time_since_death":30974,"minecraft:climb_one_cm":1160,"minecraft:sprint_one_cm":387157,"minecraft:walk_one_cm":796613,"minecraft:drop":37,"minecraft:play_time":175082,"minecraft:deaths":14,"minecraft:sneak_time":1853,"minecraft:walk_under_water_one_cm":32650,"minecraft:boat_one_cm":62233,"minecraft:jump":2081,"minecraft:interact_with_blast_furnace":2,"minecraft:walk_on_water_one_cm":24896,"minecraft:total_world_time":175082,"minecraft:interact_with_furnace":115,"minecraft:sleep_in_bed":6,"minecraft:time_since_rest":3637,"minecraft:damage_taken":6066,"minecraft:damage_dealt":13372,"minecraft:swim_one_cm":1899,"minecraft:fly_one_cm":392301,"minecraft:player_kills":1,"minecraft:open_chest":43,"minecraft:crouch_one_cm":5325,"minecraft:interact_with_smoker":2,"minecraft:fall_one_cm":56396},"minecraft:picked_up":{"minecraft:cocoa_beans":12,"minecraft:coarse_dirt":17,"minecraft:crafting_table":7,"minecraft:wheat":21,"minecraft:flower_pot":2,"minecraft:clay_ball":12,"minecraft:wooden_pickaxe":2,"minecraft:potion":1,"minecraft:enchanted_book":2,"minecraft:moss_carpet":4,"minecraft:string":31,"minecraft:red_bed":14,"minecraft:iron_axe":2,"minecraft:blackstone":10,"minecraft:beetroot":57,"minecraft:gold_nugget":11,"minecraft:bucket":2,"minecraft:dark_oak_leaves":27,"minecraft:beef":50,"minecraft:player_head":14,"minecraft:jungle_sapling":2,"minecraft:iron_nugget":8,"minecraft:sugar_cane":12,"minecraft:chest":2,"alexsmobs:leafcutter_ant_chamber":2,"minecraft:furnace":7,"minecraft:raw_iron":1,"minecraft:dark_oak_sapling":3,"minecraft:stick":9,"minecraft:sandstone":6,"minecraft:oak_door":1,"minecraft:copper_ingot":35,"minecraft:torch":52,"minecraft:fire_charge":8,"minecraft:dark_oak_planks":135,"minecraft:stone_shovel":3,"minecraft:honey_bottle":135,"minecraft:arrow":41,"minecraft:rotten_flesh":48,"minecraft:beetroot_seeds":100,"minecraft:shears":2,"minecraft:gold_ingot":24,"minecraft:white_wool":10,"alexsmobs:lobster_tail":2,"alexsmobs:flying_fish":2,"minecraft:cobblestone":182,"minecraft:birch_log":14,"minecraft:cooked_beef":12,"minecraft:feather":2,"minecraft:lilac":8,"minecraft:jungle_log":6,"minecraft:salmon":1,"minecraft:leather":29,"minecraft:red_mushroom":2,"minecraft:potato":208,"minecraft:birch_planks":51,"minecraft:flint":1,"minecraft:oak_log":12,"minecraft:gunpowder":2,"minecraft:lapis_lazuli":12,"minecraft:dirt":73,"minecraft:glass":1,"minecraft:bone":15,"minecraft:bow":3,"minecraft:wheat_seeds":38,"minecraft:stone_pickaxe":5,"minecraft:iron_ingot":38,"alexsmobs:gongylidia":1,"minecraft:glass_bottle":3,"minecraft:soul_sand":4,"minecraft:flowering_azalea":2,"minecraft:honeycomb":58,"minecraft:iron_sword":27,"minecraft:oak_planks":60,"minecraft:dark_oak_stairs":2,"minecraft:quartz":96,"minecraft:gravel":6,"minecraft:lava_bucket":1,"minecraft:jungle_planks":1,"minecraft:sand":150,"minecraft:jungle_slab":2,"minecraft:spider_eye":3,"alexsmobs:animal_dictionary":6,"minecraft:dark_oak_log":223,"minecraft:barrel":17,"minecraft:diamond":1,"minecraft:stone_axe":3,"minecraft:granite":8,"minecraft:spruce_sign":1,"minecraft:bread":1,"minecraft:emerald":4,"alexsmobs:maggot":35,"minecraft:rooted_dirt":3,"minecraft:baked_potato":295,"minecraft:oak_sapling":8,"minecraft:coal":42,"minecraft:oak_leaves":13}},"DataVersion":3465}