{"stats":{"minecraft:mined":{"minecraft:red_bed":3,"minecraft:dark_oak_leaves":1,"alexsmobs:leafcutter_anthill":1,"minecraft:crafting_table":1,"minecraft:mushroom_stem":15,"minecraft:sugar_cane":1,"minecraft:rooted_dirt":1,"minecraft:furnace":1,"minecraft:barrel":4,"minecraft:fire":4,"minecraft:moss_carpet":1,"minecraft:grass":4,"minecraft:flowering_azalea_leaves":3,"minecraft:oak_log":6,"minecraft:beetroots":6,"minecraft:dirt":1,"minecraft:player_head":3,"minecraft:oak_leaves":12},"minecraft:dropped":{"minecraft:iron_sword":2,"minecraft:rotten_flesh":6,"minecraft:jungle_sapling":1,"minecraft:flowering_azalea":1,"minecraft:iron_pickaxe":1},"minecraft:crafted":{"minecraft:oak_planks":24,"minecraft:iron_sword":1,"minecraft:bucket":1,"minecraft:iron_axe":1,"minecraft:stick":8,"minecraft:iron_pickaxe":2},"minecraft:killed_by":{"minecraft:piglin":5,"minecraft:piglin_brute":3,"minecraft:creeper":1,"alexsmobs:leafcutter_ant":1},"minecraft:killed":{"minecraft:piglin":3,"alexsmobs:seal":2,"minecraft:spider":2,"minecraft:creeper":1,"minecraft:skeleton":2,"minecraft:zombie":5,"alexsmobs:fly":4,"minecraft:piglin_brute":2,"minecraft:cow":1},"minecraft:used":{"minecraft:beetroot":6,"minecraft:baked_potato":6,"minecraft:iron_sword":118,"minecraft:spruce_sign":1,"minecraft:player_head":2,"minecraft:dirt":1,"minecraft:crafting_table":1,"minecraft:honey_bottle":8,"minecraft:lava_bucket":3,"minecraft:rooted_dirt":2,"minecraft:iron_axe":2,"minecraft:iron_pickaxe":3,"minecraft:barrel":1,"minecraft:oak_sapling":2,"minecraft:bucket":2,"alexsmobs:animal_dictionary":1},"minecraft:custom":{"minecraft:interact_with_furnace":5,"minecraft:interact_with_anvil":1,"minecraft:mob_kills":22,"minecraft:interact_with_crafting_table":8,"minecraft:open_barrel":10,"minecraft:time_since_death":5456,"minecraft:climb_one_cm":834,"minecraft:time_since_rest":5553,"minecraft:sprint_one_cm":121689,"minecraft:damage_taken":3330,"minecraft:walk_one_cm":158482,"minecraft:drop":11,"minecraft:damage_dealt":4491,"minecraft:swim_one_cm":90,"minecraft:fly_one_cm":105368,"minecraft:crouch_one_cm":732,"minecraft:sneak_time":311,"minecraft:play_time":31082,"minecraft:deaths":10,"minecraft:walk_under_water_one_cm":3247,"minecraft:jump":499,"minecraft:walk_on_water_one_cm":5757,"minecraft:total_world_time":31082,"minecraft:fall_one_cm":12172},"minecraft:picked_up":{"minecraft:crafting_table":1,"minecraft:wheat":18,"minecraft:salmon":1,"minecraft:leather":14,"minecraft:potato":182,"minecraft:potion":1,"minecraft:oak_log":6,"minecraft:dirt":1,"minecraft:red_bed":13,"minecraft:string":18,"minecraft:moss_carpet":4,"minecraft:iron_axe":1,"minecraft:bone":2,"minecraft:blackstone":10,"minecraft:beetroot":44,"minecraft:wheat_seeds":18,"minecraft:gold_nugget":9,"minecraft:bucket":1,"minecraft:beef":23,"minecraft:iron_ingot":30,"minecraft:player_head":10,"minecraft:jungle_sapling":2,"minecraft:glass_bottle":3,"minecraft:sugar_cane":6,"minecraft:oak_planks":60,"minecraft:iron_sword":22,"minecraft:honeycomb":58,"minecraft:flowering_azalea":2,"minecraft:soul_sand":4,"minecraft:furnace":4,"minecraft:stick":7,"minecraft:quartz":72,"minecraft:lava_bucket":1,"minecraft:fire_charge":6,"minecraft:barrel":11,"alexsmobs:animal_dictionary":6,"minecraft:arrow":7,"minecraft:honey_bottle":119,"minecraft:rotten_flesh":36,"minecraft:beetroot_seeds":100,"minecraft:spruce_sign":1,"minecraft:gold_ingot":24,"minecraft:rooted_dirt":3,"alexsmobs:maggot":16,"minecraft:baked_potato":136,"minecraft:oak_sapling":8,"minecraft:coal":9}},"DataVersion":3465}