{"stats":{"minecraft:mined":{"minecraft:red_bed":4,"minecraft:dark_oak_leaves":1,"alexsmobs:leafcutter_anthill":1,"minecraft:dark_oak_log":111,"minecraft:torch":1,"minecraft:crafting_table":4,"minecraft:mushroom_stem":15,"minecraft:cobblestone":9,"minecraft:sugar_cane":1,"minecraft:rooted_dirt":1,"minecraft:furnace":1,"minecraft:birch_log":9,"minecraft:barrel":4,"minecraft:fire":4,"minecraft:lilac":2,"minecraft:moss_carpet":1,"minecraft:grass":13,"minecraft:flowering_azalea_leaves":3,"minecraft:oak_log":7,"minecraft:beetroots":6,"minecraft:dirt":1,"minecraft:stone":38,"minecraft:player_head":3,"minecraft:oak_leaves":13},"minecraft:dropped":{"minecraft:iron_sword":2,"minecraft:crafting_table":1,"minecraft:rotten_flesh":6,"minecraft:red_bed":1,"minecraft:torch":2,"minecraft:jungle_sapling":1,"minecraft:flowering_azalea":1,"minecraft:wooden_pickaxe":1,"minecraft:iron_pickaxe":1},"minecraft:crafted":{"minecraft:oak_planks":24,"minecraft:crafting_table":1,"minecraft:wooden_pickaxe":1,"minecraft:iron_sword":1,"minecraft:bucket":1,"minecraft:birch_planks":36,"minecraft:iron_axe":2,"minecraft:stick":16,"minecraft:iron_pickaxe":2,"minecraft:dark_oak_planks":4,"minecraft:torch":4},"minecraft:killed_by":{"minecraft:piglin":5,"minecraft:piglin_brute":3,"minecraft:skeleton":1,"minecraft:creeper":1,"alexsmobs:leafcutter_ant":1},"minecraft:killed":{"minecraft:piglin":3,"minecraft:zombie_villager":1,"alexsmobs:seal":2,"minecraft:spider":2,"minecraft:creeper":1,"minecraft:skeleton":3,"minecraft:zombie":8,"alexsmobs:fly":4,"minecraft:player":1,"minecraft:piglin_brute":2,"minecraft:cow":1},"minecraft:used":{"minecraft:beetroot":6,"minecraft:baked_potato":13,"minecraft:wooden_pickaxe":48,"minecraft:iron_sword":133,"minecraft:spruce_sign":1,"minecraft:player_head":2,"minecraft:torch":1,"minecraft:dirt":1,"minecraft:crafting_table":4,"minecraft:red_bed":2,"minecraft:honey_bottle":8,"minecraft:oak_log":1,"minecraft:lava_bucket":3,"minecraft:dark_oak_log":20,"minecraft:rooted_dirt":2,"minecraft:iron_axe":118,"minecraft:iron_pickaxe":3,"minecraft:barrel":2,"minecraft:cobblestone":44,"minecraft:oak_sapling":2,"minecraft:bucket":2,"alexsmobs:animal_dictionary":1},"minecraft:custom":{"minecraft:interact_with_furnace":5,"minecraft:interact_with_anvil":1,"minecraft:mob_kills":27,"minecraft:interact_with_crafting_table":14,"minecraft:open_barrel":13,"minecraft:time_since_death":1064,"minecraft:sleep_in_bed":2,"minecraft:climb_one_cm":834,"minecraft:time_since_rest":1088,"minecraft:sprint_one_cm":165931,"minecraft:damage_taken":4050,"minecraft:walk_one_cm":234945,"minecraft:drop":15,"minecraft:damage_dealt":5588,"minecraft:player_kills":1,"minecraft:swim_one_cm":90,"minecraft:fly_one_cm":148980,"minecraft:crouch_one_cm":1763,"minecraft:sneak_time":561,"minecraft:play_time":55082,"minecraft:deaths":11,"minecraft:walk_under_water_one_cm":3247,"minecraft:jump":735,"minecraft:walk_on_water_one_cm":5814,"minecraft:total_world_time":55082,"minecraft:fall_one_cm":16418},"minecraft:picked_up":{"minecraft:birch_log":9,"minecraft:crafting_table":4,"minecraft:wheat":18,"minecraft:lilac":4,"minecraft:salmon":1,"minecraft:leather":14,"minecraft:wooden_pickaxe":2,"minecraft:potato":182,"minecraft:potion":1,"minecraft:oak_log":7,"minecraft:dirt":1,"minecraft:red_bed":14,"minecraft:string":18,"minecraft:moss_carpet":4,"minecraft:iron_axe":2,"minecraft:bone":3,"minecraft:blackstone":10,"minecraft:beetroot":44,"minecraft:wheat_seeds":19,"minecraft:gold_nugget":9,"minecraft:bucket":1,"minecraft:beef":23,"minecraft:iron_ingot":30,"minecraft:player_head":11,"minecraft:jungle_sapling":2,"minecraft:glass_bottle":3,"minecraft:sugar_cane":6,"minecraft:oak_planks":60,"minecraft:iron_sword":24,"minecraft:honeycomb":58,"minecraft:flowering_azalea":2,"minecraft:soul_sand":4,"minecraft:furnace":4,"minecraft:dark_oak_sapling":1,"minecraft:stick":7,"minecraft:torch":3,"minecraft:quartz":72,"minecraft:lava_bucket":1,"minecraft:fire_charge":6,"minecraft:dark_oak_log":199,"minecraft:barrel":11,"alexsmobs:animal_dictionary":6,"minecraft:arrow":9,"minecraft:honey_bottle":119,"minecraft:rotten_flesh":37,"minecraft:beetroot_seeds":100,"minecraft:granite":4,"minecraft:spruce_sign":1,"minecraft:gold_ingot":24,"minecraft:rooted_dirt":3,"alexsmobs:maggot":16,"minecraft:baked_potato":176,"minecraft:oak_sapling":8,"minecraft:coal":9,"minecraft:cobblestone":48}},"DataVersion":3465}