{"stats":{"minecraft:broken":{"minecraft:stone_pickaxe":2,"minecraft:stone_shovel":5,"minecraft:wooden_pickaxe":1,"minecraft:iron_axe":1},"minecraft:custom":{"minecraft:interact_with_crafting_table":100,"minecraft:open_barrel":235,"minecraft:bell_ring":1,"minecraft:leave_game":2,"minecraft:time_since_death":6810,"minecraft:sprint_one_cm":793486,"minecraft:damage_blocked_by_shield":120,"minecraft:drop":45,"minecraft:play_time":393562,"minecraft:deaths":21,"minecraft:jump":5052,"minecraft:walk_on_water_one_cm":71557,"minecraft:interact_with_furnace":173,"minecraft:interact_with_loom":1,"minecraft:sleep_in_bed":13,"minecraft:damage_dealt":24525,"minecraft:player_kills":1,"minecraft:crouch_one_cm":9239,"minecraft:interact_with_smoker":30,"minecraft:horse_one_cm":60,"minecraft:mob_kills":172,"minecraft:interact_with_anvil":1,"minecraft:damage_dealt_resisted":44,"minecraft:climb_one_cm":2000,"minecraft:walk_one_cm":1727796,"minecraft:sneak_time":3479,"minecraft:walk_under_water_one_cm":85582,"minecraft:boat_one_cm":192607,"minecraft:interact_with_blast_furnace":22,"minecraft:total_world_time":393562,"minecraft:pot_flower":2,"minecraft:time_since_rest":0,"minecraft:damage_taken":9484,"minecraft:swim_one_cm":74026,"minecraft:fly_one_cm":967571,"minecraft:open_chest":203,"minecraft:fish_caught":6,"minecraft:fall_one_cm":140737},"minecraft:picked_up":{"minecraft:iron_chestplate":1,"minecraft:wheat":47,"minecraft:flower_pot":2,"minecraft:lead":1,"minecraft:potion":1,"minecraft:enchanted_book":2,"travelersbackpack:spider":2,"minecraft:string":38,"minecraft:raw_copper":13,"minecraft:iron_leggings":2,"minecraft:red_candle":9,"minecraft:oak_sign":1,"minecraft:beetroot":58,"minecraft:gold_nugget":16,"minecraft:cobbled_deepslate":64,"bosses_of_mass_destruction:soul_star":1,"minecraft:bucket":4,"minecraft:dark_oak_leaves":27,"minecraft:rose_bush":2,"minecraft:iron_pickaxe":1,"minecraft:coal_block":18,"alexsmobs:leafcutter_ant_chamber":2,"minecraft:iron_boots":1,"minecraft:furnace":8,"minecraft:stick":11,"minecraft:jukebox":2,"minecraft:torch":84,"minecraft:acacia_log":7,"minecraft:dried_kelp":23,"minecraft:diorite":2,"minecraft:honey_bottle":141,"minecraft:rotten_flesh":82,"minecraft:red_tulip":3,"minecraft:cod":4,"alexsmobs:lobster_tail":16,"alexsmobs:flying_fish":7,"minecraft:cobblestone":372,"minecraft:birch_log":16,"minecraft:cooked_beef":33,"minecraft:feather":6,"minecraft:lilac":19,"minecraft:water_bucket":3,"minecraft:jungle_log":6,"minecraft:golden_leggings":3,"minecraft:potato":218,"minecraft:flint":1,"minecraft:dirt":206,"minecraft:lapis_lazuli":12,"minecraft:glass":1,"minecraft:bone":19,"minecraft:bow":5,"minecraft:wheat_seeds":113,"minecraft:bell":3,"alexsmobs:gongylidia":1,"minecraft:oak_planks":67,"minecraft:honeycomb":58,"minecraft:cooked_porkchop":2,"minecraft:jungle_planks":1,"minecraft:sand":741,"minecraft:ink_sac":4,"alexsmobs:animal_dictionary":6,"minecraft:barrel":22,"minecraft:jungle_slab":2,"minecraft:dark_oak_log":274,"minecraft:diamond":1,"minecraft:granite":8,"alexsmobs:maggot":50,"minecraft:spruce_sign":1,"minecraft:bread":1,"minecraft:emerald":4,"minecraft:rooted_dirt":3,"minecraft:oak_sapling":8,"minecraft:netherrack":1,"minecraft:dark_oak_fence":9,"minecraft:oak_leaves":13,"minecraft:fishing_rod":2,"minecraft:cocoa_beans":12,"minecraft:crafting_table":8,"minecraft:coarse_dirt":17,"minecraft:allium":2,"minecraft:chicken":3,"minecraft:clay_ball":12,"minecraft:brown_mushroom":6,"minecraft:wooden_pickaxe":2,"minecraft:shield":1,"minecraft:red_bed":14,"minecraft:moss_carpet":4,"minecraft:iron_axe":2,"minecraft:blackstone":10,"minecraft:beef":52,"minecraft:player_head":16,"minecraft:jungle_sapling":2,"minecraft:iron_nugget":8,"minecraft:chest":2,"minecraft:sugar_cane":107,"minecraft:egg":4,"minecraft:dark_oak_sapling":3,"minecraft:raw_iron":41,"minecraft:sandstone":37,"minecraft:oak_door":1,"minecraft:copper_ingot":35,"minecraft:fire_charge":8,"minecraft:carrot":1,"minecraft:dark_oak_planks":140,"minecraft:arrow":47,"minecraft:cooked_cod":4,"minecraft:stone_shovel":9,"minecraft:beetroot_seeds":105,"minecraft:shears":2,"minecraft:gold_ingot":24,"minecraft:mutton":2,"minecraft:white_wool":11,"minecraft:salmon":3,"minecraft:leather":31,"minecraft:red_mushroom":5,"minecraft:birch_planks":56,"minecraft:oak_log":51,"minecraft:cobblestone_wall":13,"minecraft:gunpowder":6,"minecraft:kelp":87,"minecraft:spore_blossom":1,"minecraft:iron_ingot":38,"minecraft:stone_pickaxe":8,"minecraft:glass_bottle":7,"minecraft:soul_sand":4,"minecraft:flowering_azalea":2,"minecraft:iron_sword":34,"minecraft:dark_oak_stairs":2,"minecraft:birch_boat":1,"minecraft:quartz":96,"minecraft:gravel":11,"minecraft:lava_bucket":2,"minecraft:dark_oak_fence_gate":1,"minecraft:spider_eye":5,"minecraft:stone_axe":6,"minecraft:baked_potato":327,"minecraft:coal":144},"minecraft:killed_by":{"minecraft:piglin_brute":7,"minecraft:creeper":1,"alexsmobs:leafcutter_ant":1,"cataclysm:deepling":1,"minecraft:piglin":6,"minecraft:zombie":2,"minecraft:skeleton":3},"minecraft:dropped":{"minecraft:iron_sword":2,"minecraft:crafting_table":1,"minecraft:cooked_porkchop":2,"minecraft:red_mushroom":2,"minecraft:red_bed":1,"minecraft:dark_oak_log":10,"minecraft:jungle_sapling":1,"minecraft:iron_pickaxe":1,"minecraft:white_wool":10,"minecraft:cobbled_deepslate":64,"minecraft:rotten_flesh":7,"minecraft:torch":2,"minecraft:iron_leggings":2,"minecraft:flowering_azalea":1,"minecraft:coarse_dirt":17,"minecraft:iron_boots":1,"minecraft:shield":1,"minecraft:iron_chestplate":1,"minecraft:stone_pickaxe":1,"minecraft:wooden_pickaxe":1},"minecraft:crafted":{"minecraft:brick":12,"securitycraft:mine":12,"minecraft:oak_planks":200,"minecraft:birch_boat":2,"minecraft:cooked_chicken":3,"minecraft:cobblestone_stairs":4,"minecraft:stone":3,"minecraft:cooked_mutton":2,"minecraft:glass":110,"minecraft:bow":1,"minecraft:chest":5,"minecraft:stone_hoe":1,"minecraft:flower_pot":2,"securitycraft:sand_mine":12,"minecraft:crafting_table":3,"minecraft:wooden_pickaxe":1,"minecraft:baked_potato":27,"travelersbackpack:standard":1,"minecraft:copper_ingot":35,"minecraft:birch_planks":64,"minecraft:shield":1,"minecraft:stick":100,"minecraft:iron_ingot":42,"minecraft:iron_pickaxe":2,"minecraft:dark_oak_fence_gate":2,"minecraft:shears":1,"minecraft:oak_door":3,"minecraft:stone_shovel":7,"minecraft:fishing_rod":1,"minecraft:furnace":1,"minecraft:glass_pane":32,"minecraft:dark_oak_fence":39,"minecraft:iron_axe":2,"minecraft:cobblestone_wall":48,"minecraft:stone_pickaxe":4,"minecraft:dark_oak_planks":508,"travelersbackpack:spider":1,"minecraft:cooked_beef":6,"minecraft:cooked_cod":4,"minecraft:dark_oak_stairs":8,"alexsmobs:cooked_lobster_tail":11,"minecraft:dried_kelp":49,"minecraft:iron_sword":1,"minecraft:cooked_salmon":1,"minecraft:bucket":2,"minecraft:stone_axe":2,"minecraft:bread":9,"minecraft:air":0,"minecraft:oak_stairs":4,"minecraft:white_bed":1,"minecraft:torch":32},"minecraft:killed":{"alexsmobs:lobster":28,"minecraft:spider":18,"minecraft:skeleton":10,"alexsmobs:leafcutter_ant":3,"minecraft:chicken":3,"minecraft:piglin_brute":6,"minecraft:piglin":3,"minecraft:zombie_villager":1,"alexsmobs:seal":5,"minecraft:creeper":6,"minecraft:sheep":1,"minecraft:zombie":47,"alexsmobs:terrapin":1,"alexsmobs:fly":11,"minecraft:cow":14,"alexsmobs:raccoon":2,"alexsmobs:seagull":3,"alexsmobs:sugar_glider":1,"alexsmobs:flying_fish":5,"minecraft:squid":1,"alexsmobs:catfish":1,"alexsmobs:crow":2,"minecraft:player":1},"minecraft:used":{"minecraft:beetroot":6,"minecraft:oak_sign":1,"minecraft:chest":7,"minecraft:shield":2,"minecraft:iron_sword":533,"minecraft:player_head":2,"minecraft:rotten_flesh":8,"minecraft:cocoa_beans":6,"minecraft:jungle_planks":1,"minecraft:jungle_slab":2,"minecraft:honey_bottle":8,"minecraft:glass":57,"minecraft:lava_bucket":3,"alexsmobs:lobster_tail":1,"alexsmobs:cooked_lobster_tail":9,"minecraft:dark_oak_leaves":13,"minecraft:bow":10,"minecraft:furnace":5,"minecraft:oak_sapling":2,"minecraft:cooked_cod":2,"minecraft:beetroot_seeds":21,"minecraft:egg":4,"minecraft:potato":8,"minecraft:dark_oak_sapling":1,"travelersbackpack:spider":4,"minecraft:dark_oak_stairs":6,"minecraft:diorite":2,"minecraft:oak_planks":124,"minecraft:stone_pickaxe":395,"minecraft:wooden_pickaxe":58,"minecraft:sandstone":8,"minecraft:sugar_cane":3,"minecraft:oak_leaves":13,"minecraft:sand":277,"minecraft:shears":28,"minecraft:dark_oak_log":33,"minecraft:bread":6,"minecraft:gravel":1,"minecraft:lilac":13,"minecraft:dark_oak_fence":48,"alexsmobs:leafcutter_ant_chamber":2,"minecraft:coarse_dirt":1,"minecraft:stone_shovel":832,"minecraft:dried_kelp":49,"minecraft:cooked_salmon":1,"minecraft:stone_hoe":10,"minecraft:netherrack":1,"minecraft:oak_door":2,"minecraft:torch":79,"minecraft:dirt":144,"minecraft:cobblestone_wall":61,"minecraft:granite":2,"minecraft:dark_oak_planks":539,"alexsmobs:maggot":9,"minecraft:iron_axe":248,"minecraft:oak_stairs":4,"minecraft:rooted_dirt":2,"minecraft:jungle_log":6,"minecraft:barrel":11,"securitycraft:sand_mine":12,"minecraft:cooked_beef":1,"minecraft:wheat_seeds":85,"minecraft:water_bucket":17,"minecraft:cobblestone_stairs":4,"minecraft:birch_planks":15,"minecraft:baked_potato":47,"minecraft:birch_boat":3,"minecraft:spruce_sign":1,"minecraft:crafting_table":10,"minecraft:red_bed":2,"minecraft:white_bed":1,"minecraft:dark_oak_fence_gate":3,"minecraft:oak_log":1,"alexsmobs:flying_fish":5,"minecraft:flower_pot":4,"minecraft:iron_pickaxe":3,"minecraft:stone_axe":134,"minecraft:fishing_rod":10,"minecraft:cobblestone":155,"minecraft:bucket":20,"minecraft:glass_pane":32,"alexsmobs:animal_dictionary":1},"minecraft:mined":{"minecraft:dark_oak_planks":136,"minecraft:jungle_slab":2,"alexsmobs:leafcutter_anthill":1,"minecraft:acacia_log":7,"minecraft:grass_block":116,"minecraft:jungle_log":6,"minecraft:coal_block":6,"minecraft:spawner":1,"minecraft:tall_seagrass":4,"minecraft:fire":7,"minecraft:iron_ore":35,"minecraft:barrel":12,"minecraft:moss_carpet":1,"minecraft:red_tulip":1,"minecraft:oak_sign":1,"minecraft:flowering_azalea_leaves":3,"minecraft:player_head":3,"minecraft:red_bed":4,"minecraft:kelp_plant":16,"minecraft:powder_snow":11,"minecraft:clay":3,"minecraft:torch":20,"minecraft:chest":2,"minecraft:mushroom_stem":16,"minecraft:glass":5,"minecraft:cobblestone":20,"minecraft:oak_planks":7,"minecraft:sugar_cane":51,"minecraft:wall_torch":21,"minecraft:red_candle":1,"minecraft:birch_log":16,"minecraft:wheat":34,"minecraft:lilac":17,"minecraft:jukebox":1,"minecraft:grass":53,"minecraft:oak_log":51,"minecraft:beetroots":9,"minecraft:sand":701,"minecraft:dirt":53,"minecraft:red_mushroom_block":18,"minecraft:netherrack":1,"minecraft:oak_leaves":38,"minecraft:dark_oak_leaves":15,"minecraft:dark_oak_log":157,"minecraft:dark_oak_fence":9,"minecraft:allium":2,"minecraft:jungle_planks":1,"alexsmobs:leafcutter_ant_chamber":2,"minecraft:brown_mushroom_block":22,"minecraft:kelp":8,"minecraft:sandstone":41,"minecraft:rooted_dirt":1,"minecraft:spore_blossom":1,"minecraft:furnace":5,"minecraft:dark_oak_fence_gate":1,"minecraft:bell":1,"minecraft:potatoes":5,"minecraft:stone":234,"travelersbackpack:spider":2,"minecraft:glass_pane":32,"minecraft:crafting_table":8,"minecraft:rose_bush":1,"minecraft:tall_grass":2,"minecraft:copper_ore":3,"minecraft:diorite":2,"minecraft:birch_planks":7,"minecraft:coarse_dirt":17,"minecraft:cobblestone_wall":13,"minecraft:birch_leaves":1,"minecraft:coal_ore":87,"minecraft:cocoa":2,"minecraft:flower_pot":2,"minecraft:gravel":13,"minecraft:small_dripleaf":1}},"DataVersion":3465}