{"stats":{"minecraft:used":{"minecraft:lilac":1,"minecraft:orange_bed":3,"minecraft:acacia_slab":1},"minecraft:killed_by":{"minecraft:pillager":2},"minecraft:custom":{"minecraft:time_since_rest":3104,"minecraft:open_chest":2,"minecraft:crouch_one_cm":378,"minecraft:play_time":11870,"minecraft:sprint_one_cm":35102,"minecraft:deaths":2,"minecraft:damage_taken":600,"minecraft:walk_one_cm":75538,"minecraft:sneak_time":161,"minecraft:jump":336,"minecraft:damage_dealt":350,"minecraft:leave_game":1,"minecraft:time_since_death":3082,"minecraft:total_world_time":11870,"minecraft:climb_one_cm":2012,"minecraft:fall_one_cm":11138,"minecraft:fly_one_cm":67655},"minecraft:picked_up":{"minecraft:lilac":1,"minecraft:orange_bed":3,"minecraft:wheat_seeds":2,"minecraft:acacia_slab":1,"minecraft:chest":2},"minecraft:mined":{"minecraft:grass":3,"minecraft:chest":2,"minecraft:lilac":2,"minecraft:acacia_slab":1,"minecraft:birch_leaves":1,"minecraft:orange_bed":3}},"DataVersion":3465}