{"stats":{"minecraft:used":{"minecraft:acacia_slab":1},"minecraft:custom":{"minecraft:jump":140,"minecraft:open_chest":1,"minecraft:time_since_rest":4027,"minecraft:crouch_one_cm":69,"minecraft:sprint_one_cm":17629,"minecraft:play_time":4027,"minecraft:damage_taken":70,"minecraft:time_since_death":4027,"minecraft:walk_one_cm":16992,"minecraft:sneak_time":35,"minecraft:climb_one_cm":2012,"minecraft:total_world_time":4027,"minecraft:fall_one_cm":3633,"minecraft:fly_one_cm":24315},"minecraft:picked_up":{"minecraft:orange_bed":1,"minecraft:acacia_slab":1,"minecraft:chest":1},"minecraft:mined":{"minecraft:acacia_slab":1,"minecraft:chest":1,"minecraft:orange_bed":1}},"DataVersion":3465}