{"stats":{"minecraft:dropped":{"minecraft:moss_block":3},"minecraft:killed":{"minecraft:cow":1},"minecraft:used":{"minecraft:moss_block":2,"alexsmobs:animal_dictionary":2},"minecraft:custom":{"minecraft:time_since_rest":1774,"minecraft:sprint_one_cm":33367,"minecraft:play_time":9192,"minecraft:damage_taken":725,"minecraft:deaths":2,"minecraft:walk_one_cm":34610,"minecraft:walk_under_water_one_cm":5078,"minecraft:mob_kills":2,"minecraft:drop":3,"minecraft:jump":240,"minecraft:damage_dealt":314,"minecraft:leave_game":2,"minecraft:walk_on_water_one_cm":504,"minecraft:time_since_death":1746,"minecraft:total_world_time":9192,"minecraft:swim_one_cm":1647,"minecraft:fall_one_cm":11362,"minecraft:fly_one_cm":63981},"minecraft:killed_by":{"alexsmobs:cachalot_whale":1,"minecraft:skeleton":1},"minecraft:mined":{"minecraft:grass":4,"minecraft:acacia_leaves":2,"minecraft:grass_block":21,"minecraft:rose_bush":2,"minecraft:gravel":8,"minecraft:tall_grass":4,"minecraft:oak_leaves":7,"minecraft:fern":5},"minecraft:picked_up":{"minecraft:bone":1,"minecraft:leather":1,"minecraft:wheat_seeds":2,"minecraft:gravel":8,"minecraft:beef":1,"minecraft:sand":4,"minecraft:oak_log":1,"minecraft:rose_bush":2,"minecraft:moss_block":5,"minecraft:dirt":30,"minecraft:cobblestone":1}},"DataVersion":3465}